SampleID,Target [1 for A->B; -1 otherwise],Details [1 for A->B; 2 for A<-B; 3 for A-B; 4 for A|B]
train1,-1,2
train2,-1,2
train3,0,4
train4,-1,2
train5,-1,2
train6,1,1
train7,0,4
train8,1,1
train9,-1,2
train10,0,3
train11,1,1
train12,1,1
train13,0,3
train14,0,3
train15,1,1
train16,0,3
train17,1,1
train18,0,3
train19,0,3
train20,0,4
train21,0,4
train22,0,3
train23,0,3
train24,0,4
train25,1,1
train26,0,4
train27,0,4
train28,1,1
train29,1,1
train30,-1,2
train31,0,3
train32,1,1
train33,-1,2
train34,0,4
train35,0,3
train36,1,1
train37,0,4
train38,0,4
train39,0,3
train40,0,3
train41,0,4
train42,0,4
train43,-1,2
train44,-1,2
train45,0,3
train46,-1,2
train47,0,3
train48,0,3
train49,1,1
train50,0,4
train51,0,4
train52,1,1
train53,1,1
train54,1,1
train55,-1,2
train56,1,1
train57,0,4
train58,0,3
train59,-1,2
train60,-1,2
train61,0,4
train62,0,4
train63,0,4
train64,-1,2
train65,0,3
train66,-1,2
train67,0,4
train68,0,3
train69,1,1
train70,1,1
train71,-1,2
train72,-1,2
train73,0,4
train74,0,3
train75,0,3
train76,-1,2
train77,0,4
train78,-1,2
train79,1,1
train80,-1,2
train81,-1,2
train82,0,3
train83,-1,2
train84,1,1
train85,0,3
train86,0,3
train87,1,1
train88,1,1
train89,1,1
train90,0,4
train91,-1,2
train92,0,4
train93,-1,2
train94,0,4
train95,-1,2
train96,-1,2
train97,1,1
train98,0,3
train99,0,3
train100,-1,2
train101,0,4
train102,1,1
train103,0,3
train104,0,3
train105,-1,2
train106,1,1
train107,0,3
train108,1,1
train109,1,1
train110,0,4
train111,0,4
train112,0,4
train113,0,4
train114,0,3
train115,0,3
train116,0,4
train117,-1,2
train118,1,1
train119,0,4
train120,0,3
train121,0,4
train122,0,3
train123,0,4
train124,-1,2
train125,0,3
train126,1,1
train127,1,1
train128,-1,2
train129,0,3
train130,-1,2
train131,0,4
train132,1,1
train133,-1,2
train134,-1,2
train135,0,4
train136,0,3
train137,0,4
train138,0,4
train139,-1,2
train140,0,3
train141,-1,2
train142,0,3
train143,0,4
train144,-1,2
train145,-1,2
train146,0,4
train147,0,3
train148,1,1
train149,-1,2
train150,0,3
train151,-1,2
train152,0,4
train153,0,4
train154,-1,2
train155,1,1
train156,-1,2
train157,0,3
train158,-1,2
train159,-1,2
train160,1,1
train161,-1,2
train162,0,4
train163,-1,2
train164,1,1
train165,1,1
train166,0,4
train167,1,1
train168,0,3
train169,1,1
train170,0,3
train171,0,3
train172,0,4
train173,-1,2
train174,1,1
train175,0,3
train176,0,4
train177,0,3
train178,0,3
train179,-1,2
train180,1,1
train181,0,4
train182,0,3
train183,0,4
train184,1,1
train185,0,4
train186,0,3
train187,1,1
train188,1,1
train189,0,4
train190,-1,2
train191,0,4
train192,0,4
train193,0,3
train194,1,1
train195,-1,2
train196,0,4
train197,-1,2
train198,1,1
train199,0,3
train200,0,3
train201,1,1
train202,0,4
train203,-1,2
train204,0,4
train205,0,3
train206,0,3
train207,-1,2
train208,0,3
train209,1,1
train210,0,4
train211,0,4
train212,1,1
train213,-1,2
train214,0,3
train215,0,3
train216,-1,2
train217,0,3
train218,-1,2
train219,-1,2
train220,0,4
train221,1,1
train222,1,1
train223,-1,2
train224,-1,2
train225,0,4
train226,1,1
train227,-1,2
train228,0,3
train229,-1,2
train230,1,1
train231,-1,2
train232,-1,2
train233,0,3
train234,0,3
train235,1,1
train236,0,3
train237,0,4
train238,0,4
train239,0,4
train240,0,3
train241,0,4
train242,1,1
train243,0,3
train244,0,4
train245,-1,2
train246,0,3
train247,-1,2
train248,1,1
train249,1,1
train250,-1,2
train251,-1,2
train252,0,4
train253,1,1
train254,1,1
train255,-1,2
train256,1,1
train257,-1,2
train258,1,1
train259,0,4
train260,0,3
train261,-1,2
train262,0,3
train263,0,3
train264,0,4
train265,-1,2
train266,-1,2
train267,-1,2
train268,1,1
train269,-1,2
train270,0,3
train271,-1,2
train272,0,3
train273,0,3
train274,-1,2
train275,-1,2
train276,-1,2
train277,0,4
train278,0,4
train279,0,3
train280,1,1
train281,-1,2
train282,-1,2
train283,-1,2
train284,0,3
train285,-1,2
train286,1,1
train287,-1,2
train288,0,3
train289,-1,2
train290,0,4
train291,0,3
train292,1,1
train293,0,4
train294,0,4
train295,0,4
train296,0,3
train297,1,1
train298,0,3
train299,0,3
train300,0,4
train301,0,4
train302,-1,2
train303,-1,2
train304,1,1
train305,-1,2
train306,-1,2
train307,0,4
train308,0,3
train309,1,1
train310,-1,2
train311,0,4
train312,-1,2
train313,0,4
train314,0,3
train315,0,4
train316,-1,2
train317,1,1
train318,0,4
train319,1,1
train320,0,4
train321,1,1
train322,1,1
train323,-1,2
train324,-1,2
train325,1,1
train326,1,1
train327,1,1
train328,-1,2
train329,0,4
train330,1,1
train331,0,4
train332,0,3
train333,0,4
train334,1,1
train335,0,3
train336,0,3
train337,-1,2
train338,0,4
train339,-1,2
train340,0,4
train341,0,4
train342,0,3
train343,-1,2
train344,0,4
train345,0,3
train346,0,3
train347,0,3
train348,0,3
train349,0,4
train350,0,4
train351,0,3
train352,0,3
train353,0,4
train354,0,3
train355,-1,2
train356,0,4
train357,0,3
train358,-1,2
train359,1,1
train360,-1,2
train361,1,1
train362,1,1
train363,-1,2
train364,0,3
train365,1,1
train366,0,4
train367,0,4
train368,0,4
train369,1,1
train370,0,4
train371,-1,2
train372,0,3
train373,1,1
train374,0,4
train375,-1,2
train376,0,3
train377,0,3
train378,1,1
train379,0,4
train380,-1,2
train381,0,3
train382,-1,2
train383,1,1
train384,0,4
train385,-1,2
train386,1,1
train387,0,3
train388,0,3
train389,1,1
train390,-1,2
train391,1,1
train392,-1,2
train393,1,1
train394,0,3
train395,1,1
train396,-1,2
train397,0,3
train398,0,4
train399,0,4
train400,0,4
train401,1,1
train402,-1,2
train403,-1,2
train404,-1,2
train405,0,3
train406,-1,2
train407,0,4
train408,1,1
train409,1,1
train410,0,3
train411,-1,2
train412,-1,2
train413,0,3
train414,1,1
train415,1,1
train416,0,4
train417,1,1
train418,0,4
train419,0,4
train420,1,1
train421,-1,2
train422,-1,2
train423,-1,2
train424,0,3
train425,-1,2
train426,0,3
train427,-1,2
train428,0,4
train429,-1,2
train430,0,4
train431,0,3
train432,-1,2
train433,0,3
train434,0,4
train435,0,4
train436,-1,2
train437,-1,2
train438,-1,2
train439,0,4
train440,1,1
train441,0,3
train442,0,3
train443,1,1
train444,-1,2
train445,0,4
train446,0,3
train447,0,3
train448,-1,2
train449,0,3
train450,0,3
train451,-1,2
train452,0,4
train453,-1,2
train454,1,1
train455,1,1
train456,1,1
train457,0,4
train458,-1,2
train459,-1,2
train460,1,1
train461,-1,2
train462,0,3
train463,0,4
train464,-1,2
train465,0,3
train466,0,4
train467,1,1
train468,0,4
train469,0,4
train470,-1,2
train471,-1,2
train472,0,3
train473,-1,2
train474,-1,2
train475,1,1
train476,1,1
train477,1,1
train478,-1,2
train479,1,1
train480,0,3
train481,-1,2
train482,1,1
train483,0,3
train484,-1,2
train485,0,3
train486,0,3
train487,1,1
train488,-1,2
train489,-1,2
train490,-1,2
train491,-1,2
train492,-1,2
train493,0,3
train494,0,3
train495,1,1
train496,0,3
train497,-1,2
train498,0,4
train499,-1,2
train500,0,3
train501,0,3
train502,0,3
train503,0,4
train504,1,1
train505,0,4
train506,0,4
train507,-1,2
train508,-1,2
train509,1,1
train510,0,3
train511,-1,2
train512,0,3
train513,-1,2
train514,0,4
train515,0,4
train516,1,1
train517,1,1
train518,0,3
train519,0,3
train520,-1,2
train521,1,1
train522,0,3
train523,-1,2
train524,0,3
train525,1,1
train526,0,4
train527,0,3
train528,0,4
train529,-1,2
train530,0,3
train531,-1,2
train532,-1,2
train533,0,3
train534,0,3
train535,0,3
train536,1,1
train537,0,3
train538,-1,2
train539,0,4
train540,0,3
train541,0,3
train542,0,4
train543,0,3
train544,0,4
train545,0,3
train546,-1,2
train547,0,4
train548,0,4
train549,0,3
train550,-1,2
train551,0,3
train552,-1,2
train553,0,3
train554,0,3
train555,1,1
train556,0,3
train557,0,4
train558,0,4
train559,1,1
train560,0,3
train561,-1,2
train562,0,4
train563,0,3
train564,0,4
train565,1,1
train566,-1,2
train567,1,1
train568,1,1
train569,-1,2
train570,-1,2
train571,-1,2
train572,-1,2
train573,0,4
train574,-1,2
train575,1,1
train576,0,4
train577,1,1
train578,1,1
train579,1,1
train580,-1,2
train581,-1,2
train582,1,1
train583,-1,2
train584,-1,2
train585,0,3
train586,-1,2
train587,0,4
train588,-1,2
train589,-1,2
train590,0,3
train591,-1,2
train592,0,3
train593,0,3
train594,0,3
train595,1,1
train596,0,3
train597,1,1
train598,0,4
train599,0,3
train600,-1,2
train601,0,4
train602,-1,2
train603,0,4
train604,-1,2
train605,0,4
train606,0,3
train607,0,4
train608,1,1
train609,1,1
train610,1,1
train611,1,1
train612,0,3
train613,0,4
train614,-1,2
train615,0,3
train616,1,1
train617,-1,2
train618,-1,2
train619,0,3
train620,1,1
train621,1,1
train622,-1,2
train623,-1,2
train624,0,4
train625,0,3
train626,1,1
train627,-1,2
train628,-1,2
train629,0,3
train630,-1,2
train631,0,3
train632,0,4
train633,-1,2
train634,0,4
train635,1,1
train636,0,4
train637,0,4
train638,0,3
train639,1,1
train640,0,3
train641,1,1
train642,1,1
train643,0,4
train644,-1,2
train645,1,1
train646,-1,2
train647,1,1
train648,0,3
train649,-1,2
train650,0,4
train651,-1,2
train652,0,3
train653,1,1
train654,0,3
train655,-1,2
train656,-1,2
train657,1,1
train658,1,1
train659,1,1
train660,0,3
train661,0,4
train662,0,4
train663,0,4
train664,1,1
train665,-1,2
train666,0,3
train667,0,3
train668,1,1
train669,1,1
train670,-1,2
train671,0,4
train672,1,1
train673,-1,2
train674,0,4
train675,1,1
train676,-1,2
train677,1,1
train678,0,4
train679,-1,2
train680,1,1
train681,0,3
train682,-1,2
train683,-1,2
train684,-1,2
train685,0,4
train686,0,3
train687,0,3
train688,1,1
train689,0,4
train690,-1,2
train691,1,1
train692,1,1
train693,0,3
train694,0,4
train695,1,1
train696,-1,2
train697,-1,2
train698,0,4
train699,0,3
train700,0,4
train701,1,1
train702,-1,2
train703,0,3
train704,0,3
train705,1,1
train706,-1,2
train707,0,4
train708,1,1
train709,1,1
train710,-1,2
train711,-1,2
train712,0,4
train713,0,4
train714,-1,2
train715,0,3
train716,-1,2
train717,1,1
train718,0,4
train719,-1,2
train720,0,4
train721,-1,2
train722,-1,2
train723,0,4
train724,0,4
train725,0,4
train726,-1,2
train727,1,1
train728,0,3
train729,1,1
train730,-1,2
train731,0,4
train732,0,4
train733,0,3
train734,0,4
train735,0,3
train736,0,4
train737,-1,2
train738,-1,2
train739,0,3
train740,1,1
train741,-1,2
train742,-1,2
train743,0,3
train744,0,4
train745,0,3
train746,0,4
train747,-1,2
train748,1,1
train749,1,1
train750,-1,2
train751,0,3
train752,0,4
train753,0,3
train754,1,1
train755,0,3
train756,0,3
train757,1,1
train758,-1,2
train759,0,3
train760,1,1
train761,0,3
train762,-1,2
train763,1,1
train764,-1,2
train765,0,3
train766,0,3
train767,0,4
train768,0,4
train769,0,3
train770,1,1
train771,-1,2
train772,0,3
train773,1,1
train774,0,4
train775,1,1
train776,1,1
train777,1,1
train778,0,3
train779,-1,2
train780,-1,2
train781,0,3
train782,0,3
train783,0,3
train784,-1,2
train785,0,4
train786,1,1
train787,1,1
train788,1,1
train789,1,1
train790,0,4
train791,0,3
train792,-1,2
train793,0,4
train794,0,4
train795,0,4
train796,1,1
train797,-1,2
train798,1,1
train799,-1,2
train800,1,1
train801,0,4
train802,0,4
train803,-1,2
train804,0,3
train805,-1,2
train806,0,4
train807,0,3
train808,0,4
train809,-1,2
train810,1,1
train811,1,1
train812,1,1
train813,-1,2
train814,1,1
train815,-1,2
train816,0,3
train817,-1,2
train818,-1,2
train819,1,1
train820,0,4
train821,-1,2
train822,1,1
train823,0,3
train824,0,3
train825,0,3
train826,-1,2
train827,0,4
train828,0,3
train829,1,1
train830,0,4
train831,1,1
train832,0,3
train833,0,3
train834,1,1
train835,0,3
train836,-1,2
train837,-1,2
train838,0,3
train839,1,1
train840,1,1
train841,0,4
train842,-1,2
train843,-1,2
train844,0,3
train845,1,1
train846,-1,2
train847,-1,2
train848,0,3
train849,1,1
train850,0,3
train851,0,3
train852,1,1
train853,0,4
train854,0,4
train855,1,1
train856,1,1
train857,0,3
train858,1,1
train859,0,4
train860,0,3
train861,1,1
train862,1,1
train863,1,1
train864,-1,2
train865,-1,2
train866,0,3
train867,0,4
train868,0,4
train869,0,4
train870,0,4
train871,0,3
train872,1,1
train873,0,3
train874,-1,2
train875,0,3
train876,0,4
train877,0,3
train878,-1,2
train879,-1,2
train880,1,1
train881,0,4
train882,0,4
train883,-1,2
train884,0,3
train885,0,4
train886,1,1
train887,-1,2
train888,1,1
train889,0,3
train890,-1,2
train891,0,4
train892,1,1
train893,-1,2
train894,-1,2
train895,1,1
train896,1,1
train897,1,1
train898,0,3
train899,0,4
train900,0,4
train901,0,3
train902,1,1
train903,0,4
train904,0,3
train905,-1,2
train906,0,4
train907,-1,2
train908,1,1
train909,0,4
train910,0,3
train911,1,1
train912,1,1
train913,0,3
train914,-1,2
train915,0,4
train916,1,1
train917,0,4
train918,0,4
train919,1,1
train920,0,3
train921,0,4
train922,0,3
train923,0,3
train924,-1,2
train925,0,3
train926,0,3
train927,1,1
train928,0,3
train929,0,3
train930,0,4
train931,1,1
train932,-1,2
train933,0,3
train934,1,1
train935,0,4
train936,1,1
train937,0,3
train938,-1,2
train939,-1,2
train940,-1,2
train941,1,1
train942,0,3
train943,1,1
train944,0,4
train945,-1,2
train946,1,1
train947,1,1
train948,-1,2
train949,0,4
train950,1,1
train951,-1,2
train952,0,3
train953,-1,2
train954,0,4
train955,1,1
train956,1,1
train957,1,1
train958,0,3
train959,-1,2
train960,0,3
train961,-1,2
train962,1,1
train963,0,3
train964,0,4
train965,-1,2
train966,-1,2
train967,0,3
train968,0,3
train969,-1,2
train970,0,4
train971,-1,2
train972,-1,2
train973,-1,2
train974,0,4
train975,-1,2
train976,1,1
train977,0,3
train978,0,3
train979,-1,2
train980,0,4
train981,0,4
train982,1,1
train983,1,1
train984,0,4
train985,1,1
train986,0,4
train987,1,1
train988,-1,2
train989,1,1
train990,0,4
train991,1,1
train992,-1,2
train993,1,1
train994,0,4
train995,0,3
train996,1,1
train997,-1,2
train998,-1,2
train999,1,1
train1000,0,4
train1001,-1,2
train1002,0,4
train1003,0,4
train1004,0,3
train1005,0,3
train1006,1,1
train1007,0,4
train1008,0,3
train1009,0,3
train1010,1,1
train1011,0,3
train1012,-1,2
train1013,0,4
train1014,-1,2
train1015,-1,2
train1016,-1,2
train1017,-1,2
train1018,1,1
train1019,0,3
train1020,0,3
train1021,0,3
train1022,0,3
train1023,0,4
train1024,0,4
train1025,-1,2
train1026,0,4
train1027,1,1
train1028,1,1
train1029,0,4
train1030,0,4
train1031,0,3
train1032,-1,2
train1033,0,3
train1034,0,4
train1035,0,4
train1036,0,3
train1037,0,3
train1038,0,4
train1039,0,4
train1040,0,4
train1041,1,1
train1042,0,3
train1043,0,3
train1044,-1,2
train1045,1,1
train1046,0,4
train1047,0,4
train1048,0,3
train1049,1,1
train1050,1,1
train1051,1,1
train1052,0,4
train1053,1,1
train1054,1,1
train1055,1,1
train1056,1,1
train1057,1,1
train1058,0,4
train1059,0,3
train1060,0,3
train1061,1,1
train1062,1,1
train1063,0,3
train1064,-1,2
train1065,-1,2
train1066,-1,2
train1067,1,1
train1068,0,3
train1069,0,3
train1070,0,4
train1071,0,3
train1072,0,3
train1073,-1,2
train1074,0,4
train1075,-1,2
train1076,1,1
train1077,-1,2
train1078,1,1
train1079,1,1
train1080,-1,2
train1081,0,3
train1082,-1,2
train1083,-1,2
train1084,0,3
train1085,0,4
train1086,-1,2
train1087,0,4
train1088,1,1
train1089,-1,2
train1090,-1,2
train1091,0,3
train1092,0,4
train1093,-1,2
train1094,-1,2
train1095,0,3
train1096,1,1
train1097,0,4
train1098,0,4
train1099,0,3
train1100,-1,2
train1101,-1,2
train1102,0,4
train1103,0,3
train1104,0,3
train1105,0,4
train1106,1,1
train1107,0,4
train1108,0,3
train1109,0,3
train1110,0,3
train1111,-1,2
train1112,1,1
train1113,-1,2
train1114,0,4
train1115,1,1
train1116,0,4
train1117,0,3
train1118,0,4
train1119,0,3
train1120,0,3
train1121,1,1
train1122,1,1
train1123,0,4
train1124,-1,2
train1125,1,1
train1126,0,3
train1127,0,4
train1128,0,3
train1129,-1,2
train1130,-1,2
train1131,0,4
train1132,-1,2
train1133,0,3
train1134,-1,2
train1135,1,1
train1136,0,3
train1137,1,1
train1138,-1,2
train1139,0,4
train1140,1,1
train1141,-1,2
train1142,0,4
train1143,0,4
train1144,0,3
train1145,1,1
train1146,0,3
train1147,1,1
train1148,0,3
train1149,-1,2
train1150,0,4
train1151,1,1
train1152,1,1
train1153,-1,2
train1154,1,1
train1155,0,3
train1156,0,4
train1157,1,1
train1158,1,1
train1159,-1,2
train1160,1,1
train1161,1,1
train1162,0,3
train1163,0,4
train1164,0,3
train1165,1,1
train1166,0,4
train1167,0,4
train1168,0,3
train1169,-1,2
train1170,0,4
train1171,1,1
train1172,1,1
train1173,-1,2
train1174,0,4
train1175,-1,2
train1176,0,3
train1177,0,3
train1178,-1,2
train1179,1,1
train1180,1,1
train1181,-1,2
train1182,0,3
train1183,-1,2
train1184,0,4
train1185,0,3
train1186,1,1
train1187,0,4
train1188,0,4
train1189,0,3
train1190,-1,2
train1191,1,1
train1192,0,3
train1193,0,3
train1194,-1,2
train1195,-1,2
train1196,1,1
train1197,0,4
train1198,0,3
train1199,1,1
train1200,-1,2
train1201,0,3
train1202,0,3
train1203,0,3
train1204,1,1
train1205,-1,2
train1206,0,4
train1207,0,4
train1208,1,1
train1209,0,3
train1210,-1,2
train1211,0,4
train1212,0,4
train1213,0,4
train1214,1,1
train1215,-1,2
train1216,-1,2
train1217,0,4
train1218,0,4
train1219,1,1
train1220,0,3
train1221,0,3
train1222,0,3
train1223,0,4
train1224,1,1
train1225,-1,2
train1226,1,1
train1227,-1,2
train1228,0,4
train1229,1,1
train1230,-1,2
train1231,-1,2
train1232,-1,2
train1233,-1,2
train1234,1,1
train1235,0,3
train1236,0,3
train1237,-1,2
train1238,1,1
train1239,0,3
train1240,0,3
train1241,0,3
train1242,0,4
train1243,0,4
train1244,1,1
train1245,0,3
train1246,-1,2
train1247,1,1
train1248,-1,2
train1249,0,3
train1250,1,1
train1251,0,4
train1252,0,4
train1253,1,1
train1254,0,3
train1255,0,4
train1256,0,4
train1257,0,4
train1258,-1,2
train1259,-1,2
train1260,0,3
train1261,1,1
train1262,0,3
train1263,-1,2
train1264,0,3
train1265,0,3
train1266,0,3
train1267,1,1
train1268,0,3
train1269,1,1
train1270,-1,2
train1271,1,1
train1272,-1,2
train1273,0,3
train1274,-1,2
train1275,1,1
train1276,0,3
train1277,-1,2
train1278,0,3
train1279,0,4
train1280,0,4
train1281,0,3
train1282,-1,2
train1283,0,4
train1284,1,1
train1285,0,3
train1286,0,3
train1287,0,3
train1288,-1,2
train1289,0,3
train1290,0,3
train1291,0,3
train1292,1,1
train1293,-1,2
train1294,0,3
train1295,1,1
train1296,-1,2
train1297,0,4
train1298,0,3
train1299,1,1
train1300,0,4
train1301,0,3
train1302,-1,2
train1303,1,1
train1304,1,1
train1305,-1,2
train1306,0,3
train1307,-1,2
train1308,0,3
train1309,1,1
train1310,1,1
train1311,0,3
train1312,-1,2
train1313,1,1
train1314,-1,2
train1315,1,1
train1316,-1,2
train1317,1,1
train1318,0,4
train1319,0,3
train1320,0,4
train1321,0,4
train1322,-1,2
train1323,0,3
train1324,0,4
train1325,0,4
train1326,0,4
train1327,1,1
train1328,0,4
train1329,0,3
train1330,0,3
train1331,0,3
train1332,0,3
train1333,0,4
train1334,0,3
train1335,0,3
train1336,-1,2
train1337,0,3
train1338,0,3
train1339,0,4
train1340,1,1
train1341,1,1
train1342,0,4
train1343,-1,2
train1344,0,3
train1345,0,3
train1346,0,3
train1347,0,4
train1348,-1,2
train1349,0,4
train1350,0,3
train1351,0,3
train1352,1,1
train1353,0,4
train1354,-1,2
train1355,0,4
train1356,-1,2
train1357,0,3
train1358,-1,2
train1359,0,4
train1360,0,3
train1361,1,1
train1362,-1,2
train1363,1,1
train1364,0,4
train1365,0,4
train1366,1,1
train1367,0,4
train1368,0,4
train1369,1,1
train1370,-1,2
train1371,-1,2
train1372,0,3
train1373,-1,2
train1374,0,4
train1375,-1,2
train1376,-1,2
train1377,0,4
train1378,-1,2
train1379,0,3
train1380,0,3
train1381,0,4
train1382,0,4
train1383,0,3
train1384,-1,2
train1385,-1,2
train1386,-1,2
train1387,1,1
train1388,0,4
train1389,-1,2
train1390,0,4
train1391,0,3
train1392,1,1
train1393,-1,2
train1394,0,4
train1395,0,4
train1396,-1,2
train1397,0,4
train1398,1,1
train1399,0,3
train1400,-1,2
train1401,1,1
train1402,-1,2
train1403,0,4
train1404,1,1
train1405,1,1
train1406,0,3
train1407,1,1
train1408,-1,2
train1409,-1,2
train1410,0,4
train1411,1,1
train1412,0,4
train1413,-1,2
train1414,-1,2
train1415,1,1
train1416,1,1
train1417,0,4
train1418,1,1
train1419,0,4
train1420,0,4
train1421,0,4
train1422,-1,2
train1423,1,1
train1424,0,3
train1425,1,1
train1426,0,3
train1427,-1,2
train1428,0,3
train1429,-1,2
train1430,-1,2
train1431,1,1
train1432,0,4
train1433,1,1
train1434,1,1
train1435,-1,2
train1436,0,3
train1437,1,1
train1438,-1,2
train1439,0,3
train1440,0,3
train1441,1,1
train1442,0,3
train1443,1,1
train1444,1,1
train1445,0,4
train1446,1,1
train1447,0,3
train1448,0,3
train1449,0,3
train1450,-1,2
train1451,0,3
train1452,0,4
train1453,0,3
train1454,1,1
train1455,-1,2
train1456,0,4
train1457,-1,2
train1458,0,3
train1459,-1,2
train1460,0,4
train1461,0,3
train1462,0,4
train1463,-1,2
train1464,0,4
train1465,0,4
train1466,1,1
train1467,1,1
train1468,1,1
train1469,-1,2
train1470,0,3
train1471,1,1
train1472,1,1
train1473,1,1
train1474,1,1
train1475,1,1
train1476,0,3
train1477,-1,2
train1478,0,4
train1479,-1,2
train1480,0,3
train1481,0,3
train1482,0,4
train1483,0,4
train1484,0,4
train1485,0,4
train1486,-1,2
train1487,0,4
train1488,1,1
train1489,0,4
train1490,-1,2
train1491,1,1
train1492,0,3
train1493,-1,2
train1494,0,4
train1495,0,4
train1496,1,1
train1497,1,1
train1498,1,1
train1499,0,4
train1500,0,3
train1501,0,4
train1502,-1,2
train1503,-1,2
train1504,0,4
train1505,0,3
train1506,-1,2
train1507,-1,2
train1508,0,4
train1509,0,3
train1510,0,4
train1511,-1,2
train1512,1,1
train1513,1,1
train1514,0,4
train1515,0,3
train1516,1,1
train1517,-1,2
train1518,0,3
train1519,-1,2
train1520,0,3
train1521,-1,2
train1522,1,1
train1523,-1,2
train1524,1,1
train1525,0,4
train1526,-1,2
train1527,1,1
train1528,1,1
train1529,-1,2
train1530,0,4
train1531,1,1
train1532,-1,2
train1533,0,4
train1534,0,4
train1535,-1,2
train1536,0,3
train1537,0,4
train1538,1,1
train1539,0,4
train1540,0,4
train1541,1,1
train1542,0,4
train1543,1,1
train1544,-1,2
train1545,1,1
train1546,1,1
train1547,0,4
train1548,0,3
train1549,1,1
train1550,1,1
train1551,0,3
train1552,0,3
train1553,0,3
train1554,-1,2
train1555,-1,2
train1556,0,3
train1557,0,3
train1558,0,3
train1559,1,1
train1560,1,1
train1561,0,3
train1562,-1,2
train1563,-1,2
train1564,-1,2
train1565,-1,2
train1566,1,1
train1567,1,1
train1568,0,3
train1569,0,4
train1570,-1,2
train1571,1,1
train1572,0,4
train1573,0,3
train1574,0,4
train1575,1,1
train1576,0,3
train1577,0,4
train1578,1,1
train1579,0,3
train1580,1,1
train1581,-1,2
train1582,1,1
train1583,1,1
train1584,0,3
train1585,0,3
train1586,0,4
train1587,0,4
train1588,0,3
train1589,0,3
train1590,1,1
train1591,1,1
train1592,0,4
train1593,1,1
train1594,0,4
train1595,1,1
train1596,0,3
train1597,-1,2
train1598,0,3
train1599,-1,2
train1600,0,3
train1601,1,1
train1602,1,1
train1603,0,3
train1604,0,4
train1605,-1,2
train1606,-1,2
train1607,1,1
train1608,1,1
train1609,0,4
train1610,1,1
train1611,-1,2
train1612,1,1
train1613,0,3
train1614,-1,2
train1615,1,1
train1616,0,4
train1617,0,4
train1618,0,3
train1619,1,1
train1620,0,3
train1621,-1,2
train1622,-1,2
train1623,1,1
train1624,-1,2
train1625,1,1
train1626,-1,2
train1627,0,4
train1628,0,3
train1629,-1,2
train1630,1,1
train1631,0,4
train1632,0,3
train1633,1,1
train1634,0,4
train1635,0,4
train1636,0,4
train1637,0,4
train1638,1,1
train1639,-1,2
train1640,0,3
train1641,0,4
train1642,-1,2
train1643,0,3
train1644,1,1
train1645,0,4
train1646,0,4
train1647,0,3
train1648,1,1
train1649,0,4
train1650,-1,2
train1651,1,1
train1652,0,3
train1653,1,1
train1654,0,4
train1655,0,4
train1656,0,3
train1657,1,1
train1658,0,3
train1659,0,4
train1660,-1,2
train1661,0,3
train1662,-1,2
train1663,0,4
train1664,1,1
train1665,-1,2
train1666,-1,2
train1667,-1,2
train1668,0,4
train1669,0,4
train1670,1,1
train1671,0,4
train1672,0,3
train1673,0,4
train1674,-1,2
train1675,0,3
train1676,0,4
train1677,1,1
train1678,0,4
train1679,0,3
train1680,1,1
train1681,0,4
train1682,0,4
train1683,1,1
train1684,1,1
train1685,1,1
train1686,1,1
train1687,0,4
train1688,0,4
train1689,-1,2
train1690,0,3
train1691,0,4
train1692,0,3
train1693,-1,2
train1694,-1,2
train1695,0,4
train1696,-1,2
train1697,-1,2
train1698,0,3
train1699,1,1
train1700,-1,2
train1701,-1,2
train1702,-1,2
train1703,0,3
train1704,1,1
train1705,0,4
train1706,0,4
train1707,1,1
train1708,0,3
train1709,0,3
train1710,0,4
train1711,1,1
train1712,-1,2
train1713,-1,2
train1714,1,1
train1715,0,4
train1716,0,3
train1717,0,4
train1718,0,4
train1719,0,4
train1720,-1,2
train1721,1,1
train1722,0,3
train1723,0,4
train1724,0,4
train1725,0,3
train1726,0,4
train1727,0,4
train1728,0,4
train1729,0,3
train1730,1,1
train1731,0,4
train1732,0,3
train1733,0,3
train1734,0,3
train1735,0,4
train1736,-1,2
train1737,-1,2
train1738,1,1
train1739,1,1
train1740,-1,2
train1741,-1,2
train1742,0,3
train1743,0,3
train1744,0,3
train1745,0,4
train1746,1,1
train1747,0,3
train1748,-1,2
train1749,1,1
train1750,0,4
train1751,0,4
train1752,-1,2
train1753,0,3
train1754,0,4
train1755,-1,2
train1756,-1,2
train1757,1,1
train1758,1,1
train1759,-1,2
train1760,-1,2
train1761,0,4
train1762,-1,2
train1763,1,1
train1764,0,3
train1765,-1,2
train1766,0,3
train1767,1,1
train1768,0,4
train1769,-1,2
train1770,0,4
train1771,0,4
train1772,1,1
train1773,-1,2
train1774,0,4
train1775,0,3
train1776,0,4
train1777,0,3
train1778,1,1
train1779,0,4
train1780,0,3
train1781,-1,2
train1782,0,3
train1783,1,1
train1784,0,4
train1785,0,4
train1786,-1,2
train1787,-1,2
train1788,0,3
train1789,0,3
train1790,-1,2
train1791,1,1
train1792,1,1
train1793,1,1
train1794,1,1
train1795,0,4
train1796,0,4
train1797,-1,2
train1798,1,1
train1799,-1,2
train1800,-1,2
train1801,0,3
train1802,-1,2
train1803,1,1
train1804,0,4
train1805,0,3
train1806,0,4
train1807,0,3
train1808,-1,2
train1809,0,4
train1810,-1,2
train1811,1,1
train1812,0,3
train1813,1,1
train1814,0,3
train1815,1,1
train1816,0,3
train1817,1,1
train1818,0,4
train1819,1,1
train1820,-1,2
train1821,-1,2
train1822,0,4
train1823,0,3
train1824,0,4
train1825,1,1
train1826,0,4
train1827,-1,2
train1828,-1,2
train1829,-1,2
train1830,-1,2
train1831,0,4
train1832,1,1
train1833,0,3
train1834,1,1
train1835,0,3
train1836,0,3
train1837,0,4
train1838,-1,2
train1839,0,3
train1840,-1,2
train1841,1,1
train1842,-1,2
train1843,1,1
train1844,1,1
train1845,1,1
train1846,0,4
train1847,0,3
train1848,1,1
train1849,0,3
train1850,1,1
train1851,0,3
train1852,-1,2
train1853,0,3
train1854,0,4
train1855,-1,2
train1856,0,3
train1857,1,1
train1858,0,4
train1859,0,4
train1860,1,1
train1861,1,1
train1862,0,3
train1863,0,3
train1864,1,1
train1865,-1,2
train1866,1,1
train1867,-1,2
train1868,0,3
train1869,0,3
train1870,0,4
train1871,1,1
train1872,1,1
train1873,0,3
train1874,0,4
train1875,-1,2
train1876,0,4
train1877,0,4
train1878,1,1
train1879,-1,2
train1880,1,1
train1881,1,1
train1882,0,4
train1883,0,3
train1884,0,4
train1885,1,1
train1886,-1,2
train1887,1,1
train1888,0,4
train1889,0,3
train1890,0,3
train1891,0,3
train1892,0,3
train1893,0,4
train1894,1,1
train1895,1,1
train1896,1,1
train1897,1,1
train1898,0,4
train1899,0,4
train1900,0,4
train1901,1,1
train1902,0,4
train1903,1,1
train1904,1,1
train1905,0,3
train1906,-1,2
train1907,0,3
train1908,0,4
train1909,-1,2
train1910,-1,2
train1911,-1,2
train1912,0,3
train1913,0,4
train1914,1,1
train1915,0,3
train1916,1,1
train1917,0,3
train1918,0,3
train1919,0,3
train1920,1,1
train1921,0,4
train1922,1,1
train1923,0,4
train1924,1,1
train1925,1,1
train1926,0,4
train1927,1,1
train1928,0,4
train1929,0,4
train1930,1,1
train1931,0,4
train1932,0,3
train1933,0,3
train1934,0,4
train1935,1,1
train1936,0,4
train1937,0,3
train1938,1,1
train1939,0,4
train1940,0,4
train1941,0,3
train1942,0,4
train1943,0,3
train1944,0,3
train1945,1,1
train1946,0,3
train1947,1,1
train1948,-1,2
train1949,0,4
train1950,0,4
train1951,0,4
train1952,0,3
train1953,1,1
train1954,0,3
train1955,0,3
train1956,0,4
train1957,1,1
train1958,1,1
train1959,0,3
train1960,0,4
train1961,-1,2
train1962,0,4
train1963,-1,2
train1964,1,1
train1965,1,1
train1966,0,3
train1967,-1,2
train1968,0,4
train1969,0,3
train1970,0,4
train1971,0,3
train1972,-1,2
train1973,0,3
train1974,1,1
train1975,1,1
train1976,1,1
train1977,0,4
train1978,0,4
train1979,0,3
train1980,-1,2
train1981,0,4
train1982,1,1
train1983,0,4
train1984,1,1
train1985,0,3
train1986,1,1
train1987,1,1
train1988,-1,2
train1989,1,1
train1990,-1,2
train1991,1,1
train1992,1,1
train1993,1,1
train1994,1,1
train1995,0,3
train1996,0,3
train1997,0,3
train1998,1,1
train1999,0,4
train2000,0,3
train2001,0,3
train2002,0,4
train2003,-1,2
train2004,0,4
train2005,1,1
train2006,1,1
train2007,0,3
train2008,1,1
train2009,0,3
train2010,0,3
train2011,0,3
train2012,-1,2
train2013,-1,2
train2014,-1,2
train2015,0,3
train2016,1,1
train2017,-1,2
train2018,0,4
train2019,0,4
train2020,0,3
train2021,0,4
train2022,1,1
train2023,1,1
train2024,1,1
train2025,0,4
train2026,1,1
train2027,0,4
train2028,-1,2
train2029,1,1
train2030,1,1
train2031,0,4
train2032,0,3
train2033,0,4
train2034,-1,2
train2035,-1,2
train2036,0,4
train2037,1,1
train2038,0,3
train2039,0,4
train2040,0,4
train2041,0,4
train2042,0,4
train2043,1,1
train2044,1,1
train2045,-1,2
train2046,0,4
train2047,-1,2
train2048,1,1
train2049,0,4
train2050,-1,2
train2051,0,3
train2052,-1,2
train2053,0,4
train2054,0,3
train2055,1,1
train2056,0,4
train2057,0,4
train2058,1,1
train2059,0,4
train2060,-1,2
train2061,-1,2
train2062,0,3
train2063,-1,2
train2064,-1,2
train2065,0,3
train2066,1,1
train2067,0,4
train2068,0,3
train2069,1,1
train2070,0,3
train2071,1,1
train2072,-1,2
train2073,-1,2
train2074,0,3
train2075,-1,2
train2076,0,4
train2077,0,4
train2078,1,1
train2079,1,1
train2080,-1,2
train2081,0,4
train2082,1,1
train2083,1,1
train2084,0,3
train2085,-1,2
train2086,-1,2
train2087,-1,2
train2088,0,4
train2089,-1,2
train2090,0,3
train2091,0,3
train2092,1,1
train2093,0,3
train2094,1,1
train2095,1,1
train2096,1,1
train2097,1,1
train2098,1,1
train2099,0,4
train2100,0,4
train2101,1,1
train2102,-1,2
train2103,0,4
train2104,0,3
train2105,-1,2
train2106,1,1
train2107,-1,2
train2108,-1,2
train2109,0,4
train2110,1,1
train2111,0,4
train2112,1,1
train2113,-1,2
train2114,0,4
train2115,0,3
train2116,0,4
train2117,-1,2
train2118,1,1
train2119,0,3
train2120,1,1
train2121,0,3
train2122,-1,2
train2123,-1,2
train2124,1,1
train2125,1,1
train2126,0,4
train2127,-1,2
train2128,1,1
train2129,0,3
train2130,-1,2
train2131,0,4
train2132,0,3
train2133,0,4
train2134,0,4
train2135,0,3
train2136,1,1
train2137,0,3
train2138,1,1
train2139,1,1
train2140,0,3
train2141,0,4
train2142,-1,2
train2143,1,1
train2144,0,4
train2145,-1,2
train2146,0,3
train2147,0,4
train2148,-1,2
train2149,1,1
train2150,-1,2
train2151,1,1
train2152,0,3
train2153,1,1
train2154,1,1
train2155,1,1
train2156,1,1
train2157,0,4
train2158,1,1
train2159,0,4
train2160,0,3
train2161,1,1
train2162,1,1
train2163,0,4
train2164,-1,2
train2165,1,1
train2166,0,3
train2167,0,3
train2168,0,3
train2169,1,1
train2170,1,1
train2171,-1,2
train2172,0,3
train2173,0,4
train2174,0,3
train2175,0,4
train2176,0,4
train2177,0,4
train2178,0,4
train2179,0,3
train2180,1,1
train2181,-1,2
train2182,-1,2
train2183,0,3
train2184,0,4
train2185,-1,2
train2186,0,4
train2187,1,1
train2188,1,1
train2189,0,3
train2190,-1,2
train2191,0,4
train2192,0,3
train2193,0,3
train2194,1,1
train2195,0,3
train2196,0,3
train2197,1,1
train2198,0,3
train2199,-1,2
train2200,0,3
train2201,0,3
train2202,0,4
train2203,0,3
train2204,-1,2
train2205,1,1
train2206,1,1
train2207,0,4
train2208,1,1
train2209,1,1
train2210,-1,2
train2211,0,4
train2212,1,1
train2213,0,4
train2214,1,1
train2215,0,3
train2216,1,1
train2217,0,3
train2218,-1,2
train2219,1,1
train2220,0,3
train2221,0,4
train2222,-1,2
train2223,0,3
train2224,0,4
train2225,0,4
train2226,0,4
train2227,0,4
train2228,0,3
train2229,1,1
train2230,0,4
train2231,1,1
train2232,0,4
train2233,0,3
train2234,0,3
train2235,-1,2
train2236,0,4
train2237,0,3
train2238,0,3
train2239,-1,2
train2240,-1,2
train2241,-1,2
train2242,-1,2
train2243,1,1
train2244,0,3
train2245,0,3
train2246,1,1
train2247,0,4
train2248,1,1
train2249,0,4
train2250,1,1
train2251,0,3
train2252,1,1
train2253,0,4
train2254,0,4
train2255,1,1
train2256,0,4
train2257,1,1
train2258,-1,2
train2259,-1,2
train2260,-1,2
train2261,-1,2
train2262,0,3
train2263,0,3
train2264,0,4
train2265,1,1
train2266,-1,2
train2267,0,3
train2268,-1,2
train2269,0,3
train2270,1,1
train2271,0,4
train2272,0,4
train2273,1,1
train2274,-1,2
train2275,1,1
train2276,-1,2
train2277,1,1
train2278,0,3
train2279,0,3
train2280,0,3
train2281,0,3
train2282,0,3
train2283,-1,2
train2284,1,1
train2285,1,1
train2286,0,4
train2287,0,3
train2288,-1,2
train2289,-1,2
train2290,0,3
train2291,0,4
train2292,1,1
train2293,-1,2
train2294,0,3
train2295,0,4
train2296,0,4
train2297,-1,2
train2298,0,3
train2299,1,1
train2300,0,4
train2301,-1,2
train2302,1,1
train2303,0,3
train2304,-1,2
train2305,0,4
train2306,1,1
train2307,1,1
train2308,-1,2
train2309,0,3
train2310,1,1
train2311,-1,2
train2312,0,3
train2313,1,1
train2314,1,1
train2315,0,3
train2316,1,1
train2317,0,3
train2318,0,4
train2319,1,1
train2320,0,3
train2321,0,3
train2322,0,4
train2323,1,1
train2324,1,1
train2325,0,3
train2326,1,1
train2327,0,3
train2328,0,4
train2329,0,4
train2330,-1,2
train2331,0,3
train2332,1,1
train2333,1,1
train2334,-1,2
train2335,-1,2
train2336,0,4
train2337,0,3
train2338,1,1
train2339,-1,2
train2340,1,1
train2341,0,4
train2342,0,4
train2343,1,1
train2344,0,3
train2345,1,1
train2346,-1,2
train2347,0,4
train2348,0,4
train2349,-1,2
train2350,0,3
train2351,-1,2
train2352,-1,2
train2353,0,3
train2354,-1,2
train2355,0,4
train2356,1,1
train2357,-1,2
train2358,0,3
train2359,-1,2
train2360,1,1
train2361,0,3
train2362,-1,2
train2363,0,4
train2364,0,3
train2365,0,4
train2366,1,1
train2367,0,3
train2368,0,3
train2369,0,4
train2370,-1,2
train2371,1,1
train2372,0,4
train2373,1,1
train2374,-1,2
train2375,1,1
train2376,1,1
train2377,1,1
train2378,-1,2
train2379,1,1
train2380,1,1
train2381,0,4
train2382,0,4
train2383,1,1
train2384,0,4
train2385,0,3
train2386,0,3
train2387,0,3
train2388,0,4
train2389,1,1
train2390,0,4
train2391,-1,2
train2392,0,4
train2393,1,1
train2394,0,3
train2395,1,1
train2396,-1,2
train2397,1,1
train2398,0,4
train2399,1,1
train2400,1,1
train2401,-1,2
train2402,0,3
train2403,0,4
train2404,-1,2
train2405,0,4
train2406,0,3
train2407,0,4
train2408,0,3
train2409,0,4
train2410,1,1
train2411,1,1
train2412,-1,2
train2413,0,3
train2414,1,1
train2415,0,3
train2416,-1,2
train2417,-1,2
train2418,-1,2
train2419,-1,2
train2420,0,3
train2421,1,1
train2422,1,1
train2423,1,1
train2424,-1,2
train2425,0,4
train2426,0,3
train2427,0,4
train2428,-1,2
train2429,1,1
train2430,0,4
train2431,-1,2
train2432,-1,2
train2433,1,1
train2434,-1,2
train2435,-1,2
train2436,1,1
train2437,0,3
train2438,0,4
train2439,0,4
train2440,0,3
train2441,1,1
train2442,0,3
train2443,0,3
train2444,-1,2
train2445,0,3
train2446,0,3
train2447,-1,2
train2448,0,3
train2449,-1,2
train2450,1,1
train2451,0,4
train2452,-1,2
train2453,-1,2
train2454,0,3
train2455,0,4
train2456,0,3
train2457,0,4
train2458,0,4
train2459,0,4
train2460,0,3
train2461,0,3
train2462,-1,2
train2463,0,4
train2464,-1,2
train2465,0,3
train2466,1,1
train2467,1,1
train2468,0,4
train2469,1,1
train2470,-1,2
train2471,0,4
train2472,1,1
train2473,0,4
train2474,1,1
train2475,-1,2
train2476,0,3
train2477,-1,2
train2478,1,1
train2479,-1,2
train2480,0,3
train2481,-1,2
train2482,-1,2
train2483,-1,2
train2484,0,4
train2485,0,4
train2486,0,3
train2487,0,4
train2488,1,1
train2489,-1,2
train2490,0,3
train2491,-1,2
train2492,1,1
train2493,-1,2
train2494,0,4
train2495,-1,2
train2496,0,4
train2497,1,1
train2498,0,3
train2499,-1,2
train2500,0,4
train2501,-1,2
train2502,1,1
train2503,0,4
train2504,0,3
train2505,0,3
train2506,0,4
train2507,1,1
train2508,1,1
train2509,0,3
train2510,0,3
train2511,0,4
train2512,0,4
train2513,1,1
train2514,1,1
train2515,0,3
train2516,0,3
train2517,0,4
train2518,0,4
train2519,-1,2
train2520,0,4
train2521,-1,2
train2522,0,3
train2523,1,1
train2524,1,1
train2525,1,1
train2526,0,4
train2527,1,1
train2528,1,1
train2529,0,4
train2530,0,4
train2531,0,3
train2532,1,1
train2533,1,1
train2534,-1,2
train2535,0,3
train2536,1,1
train2537,0,4
train2538,1,1
train2539,1,1
train2540,0,3
train2541,1,1
train2542,1,1
train2543,0,3
train2544,0,4
train2545,-1,2
train2546,-1,2
train2547,0,4
train2548,0,4
train2549,-1,2
train2550,-1,2
train2551,0,3
train2552,-1,2
train2553,1,1
train2554,0,3
train2555,-1,2
train2556,0,4
train2557,0,4
train2558,0,4
train2559,0,3
train2560,-1,2
train2561,1,1
train2562,1,1
train2563,-1,2
train2564,1,1
train2565,-1,2
train2566,0,4
train2567,1,1
train2568,-1,2
train2569,0,3
train2570,1,1
train2571,1,1
train2572,-1,2
train2573,1,1
train2574,0,3
train2575,1,1
train2576,0,4
train2577,0,4
train2578,1,1
train2579,0,4
train2580,0,3
train2581,1,1
train2582,0,3
train2583,-1,2
train2584,0,3
train2585,-1,2
train2586,-1,2
train2587,0,3
train2588,-1,2
train2589,0,3
train2590,1,1
train2591,-1,2
train2592,1,1
train2593,0,3
train2594,1,1
train2595,0,4
train2596,0,4
train2597,-1,2
train2598,-1,2
train2599,0,3
train2600,0,3
train2601,-1,2
train2602,0,4
train2603,-1,2
train2604,-1,2
train2605,0,3
train2606,0,3
train2607,0,3
train2608,1,1
train2609,-1,2
train2610,0,4
train2611,0,3
train2612,1,1
train2613,1,1
train2614,0,3
train2615,-1,2
train2616,0,3
train2617,-1,2
train2618,1,1
train2619,0,3
train2620,1,1
train2621,1,1
train2622,-1,2
train2623,0,3
train2624,1,1
train2625,0,3
train2626,0,3
train2627,-1,2
train2628,1,1
train2629,1,1
train2630,0,3
train2631,-1,2
train2632,1,1
train2633,1,1
train2634,0,4
train2635,1,1
train2636,1,1
train2637,0,3
train2638,0,4
train2639,1,1
train2640,-1,2
train2641,-1,2
train2642,1,1
train2643,0,4
train2644,-1,2
train2645,0,4
train2646,0,4
train2647,-1,2
train2648,-1,2
train2649,0,3
train2650,0,3
train2651,0,3
train2652,1,1
train2653,1,1
train2654,1,1
train2655,0,3
train2656,1,1
train2657,1,1
train2658,1,1
train2659,0,4
train2660,1,1
train2661,0,3
train2662,1,1
train2663,-1,2
train2664,-1,2
train2665,1,1
train2666,0,3
train2667,1,1
train2668,1,1
train2669,0,4
train2670,-1,2
train2671,0,4
train2672,0,4
train2673,0,3
train2674,1,1
train2675,0,4
train2676,1,1
train2677,-1,2
train2678,0,3
train2679,0,3
train2680,-1,2
train2681,0,3
train2682,0,3
train2683,0,4
train2684,0,3
train2685,0,4
train2686,-1,2
train2687,0,3
train2688,0,4
train2689,-1,2
train2690,-1,2
train2691,0,3
train2692,0,4
train2693,-1,2
train2694,1,1
train2695,0,3
train2696,-1,2
train2697,0,3
train2698,0,3
train2699,0,4
train2700,-1,2
train2701,-1,2
train2702,0,3
train2703,1,1
train2704,-1,2
train2705,0,4
train2706,-1,2
train2707,1,1
train2708,1,1
train2709,-1,2
train2710,-1,2
train2711,1,1
train2712,1,1
train2713,1,1
train2714,0,4
train2715,1,1
train2716,0,3
train2717,-1,2
train2718,-1,2
train2719,1,1
train2720,0,4
train2721,1,1
train2722,-1,2
train2723,-1,2
train2724,0,3
train2725,0,3
train2726,1,1
train2727,0,3
train2728,0,4
train2729,-1,2
train2730,0,4
train2731,1,1
train2732,1,1
train2733,0,4
train2734,0,4
train2735,-1,2
train2736,1,1
train2737,-1,2
train2738,0,3
train2739,0,4
train2740,1,1
train2741,0,3
train2742,0,4
train2743,0,4
train2744,0,4
train2745,0,3
train2746,-1,2
train2747,0,3
train2748,0,4
train2749,0,4
train2750,0,3
train2751,0,3
train2752,-1,2
train2753,-1,2
train2754,0,3
train2755,-1,2
train2756,0,3
train2757,0,3
train2758,1,1
train2759,0,3
train2760,0,4
train2761,0,3
train2762,-1,2
train2763,-1,2
train2764,0,4
train2765,0,3
train2766,0,3
train2767,0,3
train2768,0,4
train2769,0,3
train2770,1,1
train2771,0,3
train2772,0,3
train2773,0,4
train2774,0,4
train2775,0,3
train2776,1,1
train2777,0,4
train2778,0,4
train2779,-1,2
train2780,1,1
train2781,0,4
train2782,0,4
train2783,-1,2
train2784,0,3
train2785,1,1
train2786,0,4
train2787,0,3
train2788,1,1
train2789,-1,2
train2790,0,4
train2791,0,4
train2792,0,3
train2793,0,4
train2794,1,1
train2795,0,3
train2796,1,1
train2797,0,3
train2798,-1,2
train2799,0,3
train2800,1,1
train2801,0,4
train2802,0,3
train2803,0,3
train2804,0,4
train2805,1,1
train2806,0,4
train2807,0,4
train2808,1,1
train2809,0,4
train2810,0,3
train2811,0,4
train2812,-1,2
train2813,0,3
train2814,0,4
train2815,0,4
train2816,0,4
train2817,0,3
train2818,0,4
train2819,1,1
train2820,1,1
train2821,1,1
train2822,1,1
train2823,0,3
train2824,1,1
train2825,-1,2
train2826,0,3
train2827,0,4
train2828,0,4
train2829,1,1
train2830,0,4
train2831,0,3
train2832,0,4
train2833,1,1
train2834,-1,2
train2835,0,4
train2836,-1,2
train2837,1,1
train2838,0,3
train2839,0,3
train2840,1,1
train2841,1,1
train2842,-1,2
train2843,1,1
train2844,0,3
train2845,0,3
train2846,0,4
train2847,1,1
train2848,0,3
train2849,0,3
train2850,1,1
train2851,0,4
train2852,0,4
train2853,0,4
train2854,0,3
train2855,-1,2
train2856,0,4
train2857,0,3
train2858,0,4
train2859,-1,2
train2860,1,1
train2861,0,3
train2862,0,3
train2863,1,1
train2864,0,3
train2865,-1,2
train2866,1,1
train2867,-1,2
train2868,1,1
train2869,0,4
train2870,0,4
train2871,-1,2
train2872,1,1
train2873,0,4
train2874,0,3
train2875,0,4
train2876,0,4
train2877,0,3
train2878,-1,2
train2879,0,3
train2880,0,4
train2881,1,1
train2882,1,1
train2883,1,1
train2884,0,3
train2885,1,1
train2886,-1,2
train2887,-1,2
train2888,1,1
train2889,0,3
train2890,0,4
train2891,1,1
train2892,0,4
train2893,0,3
train2894,0,3
train2895,0,3
train2896,0,4
train2897,1,1
train2898,-1,2
train2899,0,4
train2900,0,4
train2901,1,1
train2902,0,3
train2903,-1,2
train2904,0,4
train2905,0,4
train2906,1,1
train2907,-1,2
train2908,0,3
train2909,0,3
train2910,-1,2
train2911,0,3
train2912,1,1
train2913,0,4
train2914,0,4
train2915,1,1
train2916,-1,2
train2917,0,4
train2918,1,1
train2919,0,3
train2920,0,4
train2921,1,1
train2922,0,4
train2923,1,1
train2924,0,4
train2925,0,4
train2926,-1,2
train2927,-1,2
train2928,0,4
train2929,0,3
train2930,-1,2
train2931,0,4
train2932,1,1
train2933,1,1
train2934,1,1
train2935,-1,2
train2936,1,1
train2937,0,4
train2938,1,1
train2939,0,4
train2940,0,3
train2941,0,4
train2942,-1,2
train2943,0,4
train2944,0,4
train2945,1,1
train2946,1,1
train2947,0,4
train2948,0,4
train2949,-1,2
train2950,0,4
train2951,1,1
train2952,0,4
train2953,0,4
train2954,0,3
train2955,0,4
train2956,0,4
train2957,0,3
train2958,0,4
train2959,-1,2
train2960,0,3
train2961,1,1
train2962,0,4
train2963,-1,2
train2964,-1,2
train2965,-1,2
train2966,1,1
train2967,0,3
train2968,-1,2
train2969,-1,2
train2970,0,3
train2971,1,1
train2972,0,3
train2973,1,1
train2974,0,3
train2975,0,4
train2976,1,1
train2977,0,3
train2978,0,4
train2979,1,1
train2980,-1,2
train2981,1,1
train2982,0,4
train2983,0,3
train2984,0,4
train2985,1,1
train2986,0,3
train2987,0,3
train2988,-1,2
train2989,0,3
train2990,0,3
train2991,0,3
train2992,-1,2
train2993,0,3
train2994,0,4
train2995,-1,2
train2996,0,3
train2997,1,1
train2998,0,3
train2999,-1,2
train3000,0,4
train3001,0,3
train3002,-1,2
train3003,0,3
train3004,1,1
train3005,-1,2
train3006,0,4
train3007,1,1
train3008,1,1
train3009,0,3
train3010,0,4
train3011,0,4
train3012,0,4
train3013,0,3
train3014,0,4
train3015,-1,2
train3016,0,3
train3017,0,3
train3018,0,4
train3019,-1,2
train3020,0,3
train3021,-1,2
train3022,1,1
train3023,-1,2
train3024,-1,2
train3025,0,3
train3026,1,1
train3027,1,1
train3028,-1,2
train3029,1,1
train3030,0,4
train3031,-1,2
train3032,-1,2
train3033,1,1
train3034,-1,2
train3035,0,4
train3036,0,4
train3037,0,3
train3038,-1,2
train3039,1,1
train3040,0,4
train3041,-1,2
train3042,0,4
train3043,0,4
train3044,0,3
train3045,-1,2
train3046,0,3
train3047,1,1
train3048,1,1
train3049,-1,2
train3050,0,4
train3051,0,4
train3052,0,3
train3053,0,3
train3054,0,3
train3055,1,1
train3056,-1,2
train3057,-1,2
train3058,0,4
train3059,1,1
train3060,1,1
train3061,1,1
train3062,1,1
train3063,0,3
train3064,-1,2
train3065,0,3
train3066,-1,2
train3067,1,1
train3068,0,4
train3069,1,1
train3070,0,4
train3071,1,1
train3072,0,4
train3073,0,4
train3074,0,3
train3075,-1,2
train3076,1,1
train3077,-1,2
train3078,-1,2
train3079,1,1
train3080,-1,2
train3081,0,3
train3082,0,3
train3083,0,4
train3084,-1,2
train3085,0,3
train3086,-1,2
train3087,-1,2
train3088,-1,2
train3089,0,3
train3090,1,1
train3091,-1,2
train3092,0,3
train3093,1,1
train3094,1,1
train3095,0,4
train3096,0,3
train3097,0,3
train3098,0,3
train3099,0,3
train3100,0,4
train3101,-1,2
train3102,0,4
train3103,-1,2
train3104,1,1
train3105,-1,2
train3106,0,4
train3107,0,3
train3108,-1,2
train3109,0,3
train3110,0,3
train3111,0,4
train3112,0,4
train3113,0,3
train3114,0,4
train3115,-1,2
train3116,1,1
train3117,1,1
train3118,-1,2
train3119,-1,2
train3120,0,4
train3121,0,3
train3122,0,4
train3123,0,4
train3124,0,4
train3125,0,3
train3126,1,1
train3127,0,4
train3128,0,4
train3129,-1,2
train3130,0,4
train3131,0,4
train3132,1,1
train3133,1,1
train3134,0,4
train3135,0,3
train3136,-1,2
train3137,0,4
train3138,-1,2
train3139,0,3
train3140,0,4
train3141,0,4
train3142,0,4
train3143,0,3
train3144,-1,2
train3145,1,1
train3146,0,4
train3147,0,3
train3148,0,3
train3149,0,4
train3150,1,1
train3151,-1,2
train3152,0,4
train3153,1,1
train3154,0,3
train3155,0,4
train3156,0,4
train3157,0,3
train3158,-1,2
train3159,0,3
train3160,1,1
train3161,0,3
train3162,0,3
train3163,1,1
train3164,0,3
train3165,0,3
train3166,0,4
train3167,0,3
train3168,1,1
train3169,0,3
train3170,1,1
train3171,0,4
train3172,0,4
train3173,0,4
train3174,0,3
train3175,0,4
train3176,0,4
train3177,0,4
train3178,0,4
train3179,-1,2
train3180,0,3
train3181,0,4
train3182,0,4
train3183,-1,2
train3184,0,4
train3185,-1,2
train3186,0,4
train3187,0,4
train3188,0,4
train3189,1,1
train3190,-1,2
train3191,0,4
train3192,-1,2
train3193,1,1
train3194,0,3
train3195,0,4
train3196,-1,2
train3197,-1,2
train3198,1,1
train3199,1,1
train3200,1,1
train3201,-1,2
train3202,0,4
train3203,0,3
train3204,0,4
train3205,-1,2
train3206,0,3
train3207,1,1
train3208,0,3
train3209,0,4
train3210,1,1
train3211,0,4
train3212,0,4
train3213,0,4
train3214,1,1
train3215,0,4
train3216,1,1
train3217,1,1
train3218,0,3
train3219,1,1
train3220,0,3
train3221,1,1
train3222,1,1
train3223,1,1
train3224,0,4
train3225,-1,2
train3226,1,1
train3227,0,3
train3228,0,3
train3229,0,3
train3230,0,3
train3231,-1,2
train3232,0,4
train3233,1,1
train3234,0,3
train3235,0,3
train3236,0,4
train3237,1,1
train3238,0,3
train3239,-1,2
train3240,-1,2
train3241,1,1
train3242,1,1
train3243,0,3
train3244,0,4
train3245,0,3
train3246,0,3
train3247,0,4
train3248,0,4
train3249,-1,2
train3250,0,4
train3251,1,1
train3252,0,3
train3253,0,4
train3254,1,1
train3255,-1,2
train3256,0,4
train3257,1,1
train3258,1,1
train3259,0,3
train3260,0,4
train3261,0,3
train3262,0,3
train3263,1,1
train3264,1,1
train3265,-1,2
train3266,0,3
train3267,-1,2
train3268,0,4
train3269,-1,2
train3270,1,1
train3271,1,1
train3272,0,3
train3273,0,3
train3274,0,4
train3275,0,4
train3276,1,1
train3277,1,1
train3278,-1,2
train3279,1,1
train3280,0,4
train3281,1,1
train3282,0,4
train3283,0,4
train3284,1,1
train3285,0,4
train3286,0,4
train3287,-1,2
train3288,0,4
train3289,1,1
train3290,1,1
train3291,1,1
train3292,1,1
train3293,1,1
train3294,-1,2
train3295,-1,2
train3296,-1,2
train3297,-1,2
train3298,1,1
train3299,1,1
train3300,-1,2
train3301,0,4
train3302,1,1
train3303,1,1
train3304,-1,2
train3305,0,3
train3306,-1,2
train3307,0,4
train3308,0,4
train3309,1,1
train3310,0,3
train3311,0,3
train3312,0,4
train3313,0,4
train3314,0,4
train3315,-1,2
train3316,-1,2
train3317,1,1
train3318,-1,2
train3319,0,4
train3320,0,4
train3321,-1,2
train3322,-1,2
train3323,1,1
train3324,1,1
train3325,0,4
train3326,0,4
train3327,0,4
train3328,0,3
train3329,1,1
train3330,1,1
train3331,-1,2
train3332,1,1
train3333,0,4
train3334,0,4
train3335,-1,2
train3336,0,3
train3337,0,4
train3338,0,3
train3339,1,1
train3340,-1,2
train3341,0,4
train3342,-1,2
train3343,-1,2
train3344,-1,2
train3345,-1,2
train3346,0,3
train3347,-1,2
train3348,1,1
train3349,-1,2
train3350,0,4
train3351,0,3
train3352,-1,2
train3353,-1,2
train3354,1,1
train3355,1,1
train3356,1,1
train3357,0,4
train3358,-1,2
train3359,1,1
train3360,1,1
train3361,-1,2
train3362,0,4
train3363,0,4
train3364,0,4
train3365,-1,2
train3366,-1,2
train3367,1,1
train3368,-1,2
train3369,-1,2
train3370,0,4
train3371,-1,2
train3372,0,3
train3373,-1,2
train3374,0,3
train3375,-1,2
train3376,-1,2
train3377,-1,2
train3378,-1,2
train3379,1,1
train3380,0,3
train3381,-1,2
train3382,1,1
train3383,0,4
train3384,-1,2
train3385,0,4
train3386,0,4
train3387,-1,2
train3388,0,4
train3389,0,4
train3390,1,1
train3391,1,1
train3392,0,3
train3393,0,4
train3394,0,3
train3395,0,3
train3396,-1,2
train3397,-1,2
train3398,0,3
train3399,0,4
train3400,-1,2
train3401,0,4
train3402,1,1
train3403,0,4
train3404,0,3
train3405,0,4
train3406,0,4
train3407,-1,2
train3408,-1,2
train3409,1,1
train3410,1,1
train3411,0,4
train3412,0,4
train3413,1,1
train3414,-1,2
train3415,0,3
train3416,1,1
train3417,0,4
train3418,0,4
train3419,-1,2
train3420,1,1
train3421,-1,2
train3422,-1,2
train3423,1,1
train3424,1,1
train3425,-1,2
train3426,-1,2
train3427,0,3
train3428,-1,2
train3429,1,1
train3430,1,1
train3431,1,1
train3432,0,3
train3433,0,4
train3434,0,3
train3435,1,1
train3436,-1,2
train3437,1,1
train3438,0,4
train3439,0,4
train3440,-1,2
train3441,0,4
train3442,1,1
train3443,0,4
train3444,-1,2
train3445,1,1
train3446,0,4
train3447,0,4
train3448,1,1
train3449,1,1
train3450,0,3
train3451,0,4
train3452,-1,2
train3453,0,3
train3454,0,3
train3455,0,4
train3456,1,1
train3457,0,3
train3458,1,1
train3459,0,4
train3460,1,1
train3461,0,3
train3462,0,4
train3463,-1,2
train3464,-1,2
train3465,0,4
train3466,0,3
train3467,0,4
train3468,-1,2
train3469,-1,2
train3470,1,1
train3471,1,1
train3472,0,4
train3473,0,4
train3474,0,4
train3475,0,3
train3476,0,4
train3477,1,1
train3478,1,1
train3479,0,4
train3480,-1,2
train3481,-1,2
train3482,0,3
train3483,0,4
train3484,1,1
train3485,0,3
train3486,0,3
train3487,0,4
train3488,-1,2
train3489,0,3
train3490,-1,2
train3491,0,4
train3492,1,1
train3493,0,4
train3494,1,1
train3495,0,4
train3496,0,4
train3497,0,4
train3498,1,1
train3499,-1,2
train3500,1,1
train3501,0,3
train3502,-1,2
train3503,0,4
train3504,0,4
train3505,0,3
train3506,0,3
train3507,0,3
train3508,-1,2
train3509,1,1
train3510,0,3
train3511,0,4
train3512,0,3
train3513,0,4
train3514,1,1
train3515,0,3
train3516,0,3
train3517,0,3
train3518,-1,2
train3519,-1,2
train3520,-1,2
train3521,-1,2
train3522,0,3
train3523,-1,2
train3524,0,3
train3525,0,4
train3526,-1,2
train3527,0,4
train3528,1,1
train3529,1,1
train3530,1,1
train3531,0,4
train3532,1,1
train3533,0,3
train3534,1,1
train3535,-1,2
train3536,1,1
train3537,0,3
train3538,0,4
train3539,1,1
train3540,-1,2
train3541,1,1
train3542,0,3
train3543,0,3
train3544,-1,2
train3545,0,3
train3546,0,4
train3547,0,4
train3548,0,4
train3549,0,3
train3550,0,3
train3551,0,4
train3552,1,1
train3553,-1,2
train3554,-1,2
train3555,0,3
train3556,0,3
train3557,-1,2
train3558,-1,2
train3559,0,3
train3560,1,1
train3561,1,1
train3562,0,3
train3563,0,4
train3564,0,3
train3565,0,3
train3566,-1,2
train3567,0,4
train3568,0,4
train3569,1,1
train3570,1,1
train3571,1,1
train3572,-1,2
train3573,0,4
train3574,1,1
train3575,0,4
train3576,0,3
train3577,-1,2
train3578,0,4
train3579,1,1
train3580,-1,2
train3581,1,1
train3582,0,3
train3583,1,1
train3584,-1,2
train3585,0,4
train3586,0,4
train3587,-1,2
train3588,1,1
train3589,1,1
train3590,-1,2
train3591,1,1
train3592,1,1
train3593,-1,2
train3594,0,4
train3595,0,3
train3596,0,3
train3597,-1,2
train3598,-1,2
train3599,0,3
train3600,1,1
train3601,0,3
train3602,0,4
train3603,1,1
train3604,-1,2
train3605,0,3
train3606,0,4
train3607,0,4
train3608,0,3
train3609,-1,2
train3610,0,4
train3611,1,1
train3612,-1,2
train3613,-1,2
train3614,0,4
train3615,0,3
train3616,0,4
train3617,0,4
train3618,0,4
train3619,0,4
train3620,-1,2
train3621,0,3
train3622,0,3
train3623,0,3
train3624,-1,2
train3625,0,4
train3626,-1,2
train3627,1,1
train3628,0,4
train3629,-1,2
train3630,-1,2
train3631,0,4
train3632,0,4
train3633,0,3
train3634,1,1
train3635,1,1
train3636,1,1
train3637,1,1
train3638,0,3
train3639,-1,2
train3640,-1,2
train3641,0,3
train3642,1,1
train3643,0,3
train3644,-1,2
train3645,0,4
train3646,0,4
train3647,0,4
train3648,0,4
train3649,0,3
train3650,0,3
train3651,0,4
train3652,0,4
train3653,-1,2
train3654,0,4
train3655,0,3
train3656,0,4
train3657,-1,2
train3658,0,4
train3659,0,4
train3660,0,3
train3661,0,3
train3662,1,1
train3663,0,3
train3664,0,4
train3665,1,1
train3666,-1,2
train3667,0,4
train3668,0,3
train3669,0,3
train3670,0,4
train3671,1,1
train3672,1,1
train3673,0,3
train3674,0,3
train3675,0,3
train3676,0,3
train3677,-1,2
train3678,0,4
train3679,-1,2
train3680,0,3
train3681,1,1
train3682,0,4
train3683,-1,2
train3684,0,4
train3685,0,4
train3686,1,1
train3687,0,3
train3688,0,4
train3689,-1,2
train3690,1,1
train3691,-1,2
train3692,0,4
train3693,0,3
train3694,1,1
train3695,1,1
train3696,1,1
train3697,1,1
train3698,0,3
train3699,0,4
train3700,1,1
train3701,0,4
train3702,0,4
train3703,0,4
train3704,1,1
train3705,0,4
train3706,0,3
train3707,0,3
train3708,1,1
train3709,0,3
train3710,0,3
train3711,0,4
train3712,-1,2
train3713,0,3
train3714,0,3
train3715,0,3
train3716,-1,2
train3717,1,1
train3718,0,4
train3719,0,4
train3720,1,1
train3721,0,3
train3722,0,3
train3723,0,3
train3724,0,3
train3725,0,3
train3726,0,4
train3727,0,4
train3728,1,1
train3729,1,1
train3730,-1,2
train3731,-1,2
train3732,1,1
train3733,-1,2
train3734,0,3
train3735,0,3
train3736,0,3
train3737,-1,2
train3738,0,3
train3739,1,1
train3740,0,4
train3741,-1,2
train3742,0,4
train3743,-1,2
train3744,0,4
train3745,0,3
train3746,0,3
train3747,0,4
train3748,0,4
train3749,0,3
train3750,0,3
train3751,-1,2
train3752,1,1
train3753,0,3
train3754,0,3
train3755,1,1
train3756,0,4
train3757,0,3
train3758,0,4
train3759,-1,2
train3760,-1,2
train3761,1,1
train3762,-1,2
train3763,-1,2
train3764,0,3
train3765,1,1
train3766,-1,2
train3767,0,4
train3768,1,1
train3769,0,4
train3770,0,3
train3771,1,1
train3772,0,4
train3773,0,4
train3774,0,3
train3775,0,4
train3776,1,1
train3777,0,4
train3778,0,4
train3779,-1,2
train3780,-1,2
train3781,0,4
train3782,1,1
train3783,0,4
train3784,-1,2
train3785,0,3
train3786,0,3
train3787,0,4
train3788,1,1
train3789,0,3
train3790,0,3
train3791,0,3
train3792,0,3
train3793,0,4
train3794,1,1
train3795,0,4
train3796,-1,2
train3797,0,3
train3798,0,4
train3799,-1,2
train3800,0,4
train3801,1,1
train3802,0,3
train3803,1,1
train3804,0,3
train3805,0,3
train3806,0,3
train3807,-1,2
train3808,0,4
train3809,0,3
train3810,-1,2
train3811,1,1
train3812,0,4
train3813,-1,2
train3814,0,3
train3815,0,3
train3816,0,3
train3817,0,4
train3818,1,1
train3819,1,1
train3820,-1,2
train3821,-1,2
train3822,0,4
train3823,-1,2
train3824,1,1
train3825,0,3
train3826,0,4
train3827,0,4
train3828,0,3
train3829,1,1
train3830,-1,2
train3831,0,3
train3832,0,3
train3833,-1,2
train3834,1,1
train3835,0,3
train3836,0,4
train3837,1,1
train3838,0,4
train3839,0,3
train3840,0,3
train3841,0,4
train3842,0,4
train3843,1,1
train3844,0,4
train3845,0,3
train3846,1,1
train3847,0,4
train3848,-1,2
train3849,-1,2
train3850,-1,2
train3851,-1,2
train3852,0,4
train3853,1,1
train3854,-1,2
train3855,0,3
train3856,1,1
train3857,0,4
train3858,1,1
train3859,-1,2
train3860,-1,2
train3861,0,3
train3862,0,4
train3863,1,1
train3864,-1,2
train3865,-1,2
train3866,-1,2
train3867,0,4
train3868,0,3
train3869,-1,2
train3870,0,4
train3871,0,3
train3872,-1,2
train3873,0,4
train3874,0,3
train3875,1,1
train3876,0,4
train3877,1,1
train3878,0,4
train3879,0,3
train3880,1,1
train3881,-1,2
train3882,0,4
train3883,0,3
train3884,1,1
train3885,-1,2
train3886,0,3
train3887,1,1
train3888,-1,2
train3889,0,4
train3890,0,3
train3891,1,1
train3892,1,1
train3893,0,3
train3894,1,1
train3895,0,3
train3896,-1,2
train3897,0,4
train3898,1,1
train3899,0,3
train3900,1,1
train3901,-1,2
train3902,-1,2
train3903,-1,2
train3904,0,4
train3905,1,1
train3906,-1,2
train3907,0,4
train3908,0,3
train3909,1,1
train3910,0,3
train3911,1,1
train3912,-1,2
train3913,0,4
train3914,-1,2
train3915,-1,2
train3916,1,1
train3917,0,4
train3918,-1,2
train3919,1,1
train3920,0,3
train3921,-1,2
train3922,0,3
train3923,0,4
train3924,0,3
train3925,0,4
train3926,1,1
train3927,0,4
train3928,-1,2
train3929,0,4
train3930,0,4
train3931,-1,2
train3932,-1,2
train3933,0,3
train3934,-1,2
train3935,0,4
train3936,0,4
train3937,1,1
train3938,1,1
train3939,0,4
train3940,0,4
train3941,-1,2
train3942,0,3
train3943,1,1
train3944,0,3
train3945,0,3
train3946,0,3
train3947,0,3
train3948,0,3
train3949,0,4
train3950,-1,2
train3951,0,4
train3952,1,1
train3953,0,3
train3954,1,1
train3955,-1,2
train3956,-1,2
train3957,-1,2
train3958,-1,2
train3959,0,3
train3960,0,3
train3961,1,1
train3962,0,4
train3963,0,4
train3964,0,3
train3965,0,3
train3966,-1,2
train3967,1,1
train3968,1,1
train3969,0,4
train3970,1,1
train3971,-1,2
train3972,0,4
train3973,-1,2
train3974,1,1
train3975,1,1
train3976,0,3
train3977,-1,2
train3978,0,3
train3979,1,1
train3980,0,3
train3981,0,3
train3982,0,4
train3983,-1,2
train3984,-1,2
train3985,-1,2
train3986,1,1
train3987,-1,2
train3988,0,4
train3989,1,1
train3990,0,4
train3991,0,3
train3992,0,3
train3993,1,1
train3994,1,1
train3995,1,1
train3996,1,1
train3997,-1,2
train3998,1,1
train3999,1,1
train4000,0,4
train4001,0,4
train4002,-1,2
train4003,1,1
train4004,0,3
train4005,0,3
train4006,0,3
train4007,0,3
train4008,0,4
train4009,0,4
train4010,-1,2
train4011,-1,2
train4012,-1,2
train4013,1,1
train4014,-1,2
train4015,0,4
train4016,0,3
train4017,-1,2
train4018,0,4
train4019,0,3
train4020,0,3
train4021,-1,2
train4022,0,3
train4023,0,4
train4024,-1,2
train4025,1,1
train4026,-1,2
train4027,0,4
train4028,0,3
train4029,0,3
train4030,1,1
train4031,0,3
train4032,1,1
train4033,0,4
train4034,0,4
train4035,0,3
train4036,-1,2
train4037,0,3
train4038,1,1
train4039,0,4
train4040,1,1
train4041,-1,2
train4042,0,4
train4043,-1,2
train4044,-1,2
train4045,-1,2
train4046,0,4
train4047,-1,2
train4048,-1,2
train4049,0,3
train4050,0,3
train4051,-1,2
train4052,-1,2
train4053,0,3
train4054,0,3
train4055,-1,2
train4056,-1,2
train4057,0,3
train4058,-1,2
train4059,-1,2
train4060,1,1
train4061,-1,2
train4062,0,3
train4063,0,3
train4064,1,1
train4065,0,4
train4066,-1,2
train4067,-1,2
train4068,0,4
train4069,0,3
train4070,0,3
train4071,1,1
train4072,0,4
train4073,0,3
train4074,0,3
train4075,-1,2
train4076,0,3
train4077,0,4
train4078,1,1
train4079,-1,2
train4080,1,1
train4081,0,4
train4082,0,3
train4083,-1,2
train4084,0,4
train4085,0,3
train4086,-1,2
train4087,-1,2
train4088,0,4
train4089,0,3
train4090,-1,2
train4091,1,1
train4092,-1,2
train4093,1,1
train4094,1,1
train4095,0,4
train4096,-1,2
train4097,0,3
train4098,1,1
train4099,0,3
train4100,0,3
train4101,1,1
train4102,1,1
train4103,-1,2
train4104,-1,2
train4105,-1,2
train4106,1,1
train4107,0,3
train4108,-1,2
train4109,-1,2
train4110,0,3
train4111,1,1
train4112,1,1
train4113,0,4
train4114,0,3
train4115,0,4
train4116,1,1
train4117,0,3
train4118,0,4
train4119,0,4
train4120,1,1
train4121,0,3
train4122,0,4
train4123,0,3
train4124,1,1
train4125,0,3
train4126,0,3
train4127,1,1
train4128,0,3
train4129,-1,2
train4130,1,1
train4131,-1,2
train4132,-1,2
train4133,1,1
train4134,0,4
train4135,-1,2
train4136,-1,2
train4137,0,4
train4138,0,4
train4139,0,4
train4140,0,3
train4141,1,1
train4142,0,3
train4143,1,1
train4144,1,1
train4145,-1,2
train4146,-1,2
train4147,0,4
train4148,-1,2
train4149,0,3
train4150,0,4
train4151,1,1
train4152,0,4
train4153,-1,2
train4154,0,3
train4155,-1,2
train4156,0,3
train4157,0,4
train4158,0,4
train4159,0,4
train4160,0,4
train4161,-1,2
train4162,0,3
train4163,-1,2
train4164,1,1
train4165,0,3
train4166,-1,2
train4167,0,3
train4168,0,3
train4169,1,1
train4170,1,1
train4171,0,3
train4172,0,4
train4173,-1,2
train4174,-1,2
train4175,1,1
train4176,0,4
train4177,0,3
train4178,0,4
train4179,0,4
train4180,0,3
train4181,0,3
train4182,-1,2
train4183,0,3
train4184,0,3
train4185,1,1
train4186,0,3
train4187,0,4
train4188,1,1
train4189,-1,2
train4190,0,3
train4191,0,4
train4192,0,4
train4193,-1,2
train4194,-1,2
train4195,0,3
train4196,-1,2
train4197,1,1
train4198,0,3
train4199,0,4
train4200,0,4
train4201,0,4
train4202,0,3
train4203,0,3
train4204,1,1
train4205,0,3
train4206,0,4
train4207,1,1
train4208,1,1
train4209,1,1
train4210,0,4
train4211,0,3
train4212,0,3
train4213,0,3
train4214,1,1
train4215,-1,2
train4216,0,4
train4217,-1,2
train4218,0,4
train4219,-1,2
train4220,1,1
train4221,0,3
train4222,0,4
train4223,1,1
train4224,1,1
train4225,0,4
train4226,1,1
train4227,-1,2
train4228,0,4
train4229,0,4
train4230,0,3
train4231,0,4
train4232,-1,2
train4233,-1,2
train4234,0,4
train4235,0,3
train4236,-1,2
train4237,0,4
train4238,1,1
train4239,-1,2
train4240,0,4
train4241,0,4
train4242,0,3
train4243,0,3
train4244,1,1
train4245,0,3
train4246,-1,2
train4247,1,1
train4248,1,1
train4249,0,4
train4250,0,4
train4251,1,1
train4252,1,1
train4253,0,3
train4254,-1,2
train4255,-1,2
train4256,0,4
train4257,1,1
train4258,1,1
train4259,1,1
train4260,0,3
train4261,-1,2
train4262,1,1
train4263,0,3
train4264,0,4
train4265,0,4
train4266,-1,2
train4267,0,3
train4268,0,3
train4269,1,1
train4270,0,3
train4271,0,3
train4272,0,3
train4273,-1,2
train4274,-1,2
train4275,-1,2
train4276,0,3
train4277,-1,2
train4278,1,1
train4279,-1,2
train4280,1,1
train4281,0,4
train4282,0,4
train4283,-1,2
train4284,0,3
train4285,0,4
train4286,0,3
train4287,0,4
train4288,1,1
train4289,1,1
train4290,0,3
train4291,-1,2
train4292,-1,2
train4293,0,3
train4294,-1,2
train4295,-1,2
train4296,-1,2
train4297,0,4
train4298,-1,2
train4299,0,3
train4300,0,3
train4301,0,3
train4302,1,1
train4303,1,1
train4304,1,1
train4305,-1,2
train4306,0,3
train4307,-1,2
train4308,1,1
train4309,-1,2
train4310,0,3
train4311,0,3
train4312,0,3
train4313,0,4
train4314,1,1
train4315,1,1
train4316,0,3
train4317,-1,2
train4318,1,1
train4319,0,4
train4320,1,1
train4321,1,1
train4322,1,1
train4323,1,1
train4324,0,4
train4325,0,4
train4326,0,4
train4327,0,4
train4328,1,1
train4329,-1,2
train4330,1,1
train4331,-1,2
train4332,1,1
train4333,-1,2
train4334,-1,2
train4335,-1,2
train4336,0,4
train4337,1,1
train4338,1,1
train4339,1,1
train4340,0,3
train4341,-1,2
train4342,1,1
train4343,1,1
train4344,1,1
train4345,0,4
train4346,-1,2
train4347,0,3
train4348,-1,2
train4349,1,1
train4350,-1,2
train4351,0,3
train4352,-1,2
train4353,1,1
train4354,0,3
train4355,0,4
train4356,1,1
train4357,0,3
train4358,1,1
train4359,1,1
train4360,-1,2
train4361,0,3
train4362,0,3
train4363,0,4
train4364,0,3
train4365,-1,2
train4366,1,1
train4367,0,3
train4368,-1,2
train4369,-1,2
train4370,1,1
train4371,1,1
train4372,0,3
train4373,-1,2
train4374,-1,2
train4375,-1,2
train4376,1,1
train4377,0,4
train4378,0,3
train4379,-1,2
train4380,1,1
train4381,0,3
train4382,0,3
train4383,0,3
train4384,1,1
train4385,0,3
train4386,-1,2
train4387,0,4
train4388,0,3
train4389,1,1
train4390,1,1
train4391,1,1
train4392,1,1
train4393,0,3
train4394,1,1
train4395,0,4
train4396,1,1
train4397,1,1
train4398,-1,2
train4399,0,3
train4400,0,3
train4401,1,1
train4402,0,4
train4403,-1,2
train4404,1,1
train4405,0,4
train4406,-1,2
train4407,1,1
train4408,0,4
train4409,-1,2
train4410,0,4
train4411,0,3
train4412,-1,2
train4413,0,4
train4414,-1,2
train4415,-1,2
train4416,0,4
train4417,0,3
train4418,-1,2
train4419,0,4
train4420,0,3
train4421,-1,2
train4422,-1,2
train4423,0,3
train4424,0,3
train4425,0,4
train4426,0,3
train4427,0,3
train4428,0,3
train4429,0,4
train4430,-1,2
train4431,1,1
train4432,1,1
train4433,0,3
train4434,-1,2
train4435,0,4
train4436,0,4
train4437,0,4
train4438,0,4
train4439,1,1
train4440,-1,2
train4441,0,4
train4442,0,4
train4443,1,1
train4444,-1,2
train4445,-1,2
train4446,-1,2
train4447,0,3
train4448,1,1
train4449,-1,2
train4450,0,3
train4451,0,3
train4452,-1,2
train4453,-1,2
train4454,-1,2
train4455,1,1
train4456,0,4
train4457,0,4
train4458,-1,2
train4459,1,1
train4460,-1,2
train4461,-1,2
train4462,0,3
train4463,-1,2
train4464,0,4
train4465,-1,2
train4466,0,4
train4467,-1,2
train4468,-1,2
train4469,1,1
train4470,0,4
train4471,0,3
train4472,0,3
train4473,0,3
train4474,1,1
train4475,-1,2
train4476,1,1
train4477,1,1
train4478,1,1
train4479,1,1
train4480,0,3
train4481,0,3
train4482,0,3
train4483,-1,2
train4484,0,3
train4485,1,1
train4486,-1,2
train4487,0,4
train4488,-1,2
train4489,0,3
train4490,1,1
train4491,0,4
train4492,0,3
train4493,0,4
train4494,0,3
train4495,0,4
train4496,0,4
train4497,-1,2
train4498,-1,2
train4499,0,4
train4500,1,1
train4501,0,4
train4502,0,3
train4503,0,4
train4504,0,4
train4505,1,1
train4506,1,1
train4507,-1,2
train4508,-1,2
train4509,0,4
train4510,1,1
train4511,1,1
train4512,-1,2
train4513,1,1
train4514,1,1
train4515,1,1
train4516,-1,2
train4517,-1,2
train4518,0,4
train4519,0,3
train4520,-1,2
train4521,0,4
train4522,1,1
train4523,1,1
train4524,-1,2
train4525,-1,2
train4526,1,1
train4527,0,3
train4528,-1,2
train4529,1,1
train4530,0,3
train4531,-1,2
train4532,1,1
train4533,0,4
train4534,0,4
train4535,0,4
train4536,-1,2
train4537,0,3
train4538,0,3
train4539,0,4
train4540,1,1
train4541,0,3
train4542,0,4
train4543,1,1
train4544,0,3
train4545,-1,2
train4546,0,4
train4547,-1,2
train4548,0,3
train4549,0,3
train4550,1,1
train4551,0,4
train4552,0,4
train4553,0,4
train4554,0,4
train4555,1,1
train4556,-1,2
train4557,0,3
train4558,1,1
train4559,0,4
train4560,0,4
train4561,0,4
train4562,1,1
train4563,1,1
train4564,1,1
train4565,0,3
train4566,1,1
train4567,0,4
train4568,0,4
train4569,0,4
train4570,-1,2
train4571,-1,2
train4572,0,3
train4573,-1,2
train4574,0,3
train4575,-1,2
train4576,0,4
train4577,-1,2
train4578,0,3
train4579,-1,2
train4580,1,1
train4581,-1,2
train4582,0,4
train4583,1,1
train4584,0,4
train4585,0,3
train4586,-1,2
train4587,1,1
train4588,1,1
train4589,0,4
train4590,0,4
train4591,-1,2
train4592,0,3
train4593,0,3
train4594,-1,2
train4595,0,3
train4596,-1,2
train4597,1,1
train4598,0,3
train4599,0,3
train4600,0,3
train4601,0,4
train4602,0,3
train4603,1,1
train4604,-1,2
train4605,1,1
train4606,-1,2
train4607,0,3
train4608,1,1
train4609,0,4
train4610,0,4
train4611,0,3
train4612,0,4
train4613,0,3
train4614,1,1
train4615,0,3
train4616,-1,2
train4617,0,4
train4618,-1,2
train4619,-1,2
train4620,1,1
train4621,-1,2
train4622,1,1
train4623,1,1
train4624,1,1
train4625,-1,2
train4626,0,3
train4627,-1,2
train4628,0,3
train4629,1,1
train4630,-1,2
train4631,0,4
train4632,0,3
train4633,0,4
train4634,0,3
train4635,0,3
train4636,1,1
train4637,1,1
train4638,0,4
train4639,0,4
train4640,0,3
train4641,1,1
train4642,0,4
train4643,0,3
train4644,0,3
train4645,-1,2
train4646,0,4
train4647,0,3
train4648,-1,2
train4649,0,4
train4650,-1,2
train4651,-1,2
train4652,-1,2
train4653,1,1
train4654,0,4
train4655,0,4
train4656,0,4
train4657,1,1
train4658,0,3
train4659,0,4
train4660,0,4
train4661,0,4
train4662,1,1
train4663,-1,2
train4664,0,3
train4665,0,4
train4666,-1,2
train4667,0,4
train4668,0,4
train4669,-1,2
train4670,-1,2
train4671,-1,2
train4672,1,1
train4673,0,3
train4674,-1,2
train4675,0,4
train4676,-1,2
train4677,0,4
train4678,0,3
train4679,-1,2
train4680,-1,2
train4681,0,4
train4682,1,1
train4683,-1,2
train4684,0,3
train4685,0,3
train4686,1,1
train4687,0,4
train4688,1,1
train4689,0,4
train4690,0,3
train4691,-1,2
train4692,0,3
train4693,0,4
train4694,1,1
train4695,0,4
train4696,1,1
train4697,0,3
train4698,0,3
train4699,0,3
train4700,0,4
train4701,0,3
train4702,0,3
train4703,1,1
train4704,0,4
train4705,0,3
train4706,1,1
train4707,1,1
train4708,0,4
train4709,0,4
train4710,0,4
train4711,1,1
train4712,-1,2
train4713,1,1
train4714,1,1
train4715,0,3
train4716,-1,2
train4717,0,4
train4718,1,1
train4719,0,3
train4720,0,4
train4721,0,4
train4722,0,4
train4723,0,3
train4724,1,1
train4725,-1,2
train4726,-1,2
train4727,0,3
train4728,1,1
train4729,1,1
train4730,1,1
train4731,1,1
train4732,0,3
train4733,0,4
train4734,0,3
train4735,0,4
train4736,-1,2
train4737,0,3
train4738,-1,2
train4739,-1,2
train4740,1,1
train4741,0,4
train4742,-1,2
train4743,0,4
train4744,0,4
train4745,0,4
train4746,-1,2
train4747,-1,2
train4748,0,3
train4749,0,4
train4750,-1,2
train4751,0,4
train4752,1,1
train4753,0,3
train4754,-1,2
train4755,0,3
train4756,-1,2
train4757,0,4
train4758,0,3
train4759,0,3
train4760,0,4
train4761,1,1
train4762,0,4
train4763,1,1
train4764,0,4
train4765,0,3
train4766,0,3
train4767,-1,2
train4768,0,3
train4769,0,3
train4770,-1,2
train4771,0,3
train4772,0,4
train4773,0,4
train4774,1,1
train4775,0,4
train4776,1,1
train4777,1,1
train4778,0,3
train4779,0,4
train4780,0,4
train4781,1,1
train4782,0,3
train4783,-1,2
train4784,-1,2
train4785,-1,2
train4786,1,1
train4787,0,3
train4788,0,3
train4789,0,4
train4790,1,1
train4791,0,4
train4792,0,3
train4793,0,4
train4794,1,1
train4795,0,4
train4796,-1,2
train4797,1,1
train4798,0,4
train4799,1,1
train4800,0,4
train4801,1,1
train4802,0,3
train4803,0,4
train4804,0,3
train4805,0,4
train4806,-1,2
train4807,-1,2
train4808,0,3
train4809,1,1
train4810,1,1
train4811,1,1
train4812,1,1
train4813,0,4
train4814,0,3
train4815,0,4
train4816,-1,2
train4817,1,1
train4818,0,4
train4819,0,3
train4820,-1,2
train4821,0,3
train4822,0,4
train4823,1,1
train4824,0,3
train4825,0,3
train4826,0,3
train4827,-1,2
train4828,0,3
train4829,0,3
train4830,-1,2
train4831,1,1
train4832,1,1
train4833,0,3
train4834,0,4
train4835,-1,2
train4836,-1,2
train4837,0,4
train4838,0,4
train4839,-1,2
train4840,0,4
train4841,-1,2
train4842,1,1
train4843,0,4
train4844,-1,2
train4845,1,1
train4846,-1,2
train4847,-1,2
train4848,0,4
train4849,0,3
train4850,1,1
train4851,-1,2
train4852,0,3
train4853,0,4
train4854,-1,2
train4855,1,1
train4856,-1,2
train4857,0,3
train4858,0,4
train4859,0,3
train4860,0,4
train4861,1,1
train4862,1,1
train4863,0,3
train4864,1,1
train4865,0,3
train4866,-1,2
train4867,1,1
train4868,0,3
train4869,0,4
train4870,-1,2
train4871,0,4
train4872,1,1
train4873,1,1
train4874,-1,2
train4875,0,4
train4876,0,4
train4877,0,4
train4878,-1,2
train4879,1,1
train4880,0,3
train4881,0,4
train4882,-1,2
train4883,0,3
train4884,0,3
train4885,1,1
train4886,-1,2
train4887,1,1
train4888,-1,2
train4889,0,4
train4890,0,3
train4891,0,4
train4892,-1,2
train4893,0,3
train4894,-1,2
train4895,-1,2
train4896,0,4
train4897,0,4
train4898,0,4
train4899,0,4
train4900,1,1
train4901,-1,2
train4902,-1,2
train4903,1,1
train4904,0,3
train4905,1,1
train4906,1,1
train4907,0,4
train4908,-1,2
train4909,0,3
train4910,-1,2
train4911,1,1
train4912,0,4
train4913,0,4
train4914,0,3
train4915,0,4
train4916,0,4
train4917,0,4
train4918,0,4
train4919,0,3
train4920,0,4
train4921,-1,2
train4922,1,1
train4923,0,3
train4924,-1,2
train4925,0,3
train4926,-1,2
train4927,0,3
train4928,0,3
train4929,0,4
train4930,1,1
train4931,1,1
train4932,0,3
train4933,0,4
train4934,1,1
train4935,0,4
train4936,0,4
train4937,1,1
train4938,1,1
train4939,0,3
train4940,1,1
train4941,-1,2
train4942,1,1
train4943,-1,2
train4944,0,3
train4945,-1,2
train4946,0,3
train4947,-1,2
train4948,1,1
train4949,-1,2
train4950,-1,2
train4951,0,4
train4952,-1,2
train4953,1,1
train4954,1,1
train4955,0,4
train4956,-1,2
train4957,-1,2
train4958,-1,2
train4959,1,1
train4960,0,3
train4961,0,3
train4962,0,3
train4963,-1,2
train4964,-1,2
train4965,-1,2
train4966,1,1
train4967,1,1
train4968,1,1
train4969,-1,2
train4970,-1,2
train4971,1,1
train4972,0,3
train4973,0,3
train4974,1,1
train4975,0,4
train4976,1,1
train4977,1,1
train4978,0,3
train4979,1,1
train4980,0,3
train4981,0,3
train4982,0,4
train4983,1,1
train4984,0,4
train4985,1,1
train4986,1,1
train4987,0,4
train4988,1,1
train4989,1,1
train4990,0,4
train4991,0,4
train4992,1,1
train4993,0,3
train4994,0,3
train4995,0,4
train4996,1,1
train4997,-1,2
train4998,-1,2
train4999,0,3
train5000,0,3
train5001,0,3
train5002,0,3
train5003,0,3
train5004,1,1
train5005,0,3
train5006,0,4
train5007,-1,2
train5008,-1,2
train5009,0,3
train5010,0,3
train5011,0,3
train5012,0,4
train5013,1,1
train5014,0,3
train5015,0,4
train5016,1,1
train5017,-1,2
train5018,0,4
train5019,0,3
train5020,0,3
train5021,1,1
train5022,-1,2
train5023,0,4
train5024,0,4
train5025,-1,2
train5026,1,1
train5027,-1,2
train5028,-1,2
train5029,-1,2
train5030,-1,2
train5031,1,1
train5032,0,4
train5033,0,4
train5034,1,1
train5035,0,4
train5036,-1,2
train5037,1,1
train5038,1,1
train5039,-1,2
train5040,0,3
train5041,-1,2
train5042,0,4
train5043,0,4
train5044,0,3
train5045,1,1
train5046,0,3
train5047,-1,2
train5048,0,3
train5049,0,4
train5050,0,4
train5051,1,1
train5052,1,1
train5053,-1,2
train5054,1,1
train5055,0,3
train5056,0,3
train5057,1,1
train5058,-1,2
train5059,0,3
train5060,0,3
train5061,1,1
train5062,0,4
train5063,-1,2
train5064,0,3
train5065,0,3
train5066,0,4
train5067,1,1
train5068,-1,2
train5069,1,1
train5070,1,1
train5071,0,3
train5072,-1,2
train5073,-1,2
train5074,0,3
train5075,0,4
train5076,0,4
train5077,1,1
train5078,0,4
train5079,0,4
train5080,0,4
train5081,0,3
train5082,0,3
train5083,0,3
train5084,1,1
train5085,-1,2
train5086,-1,2
train5087,-1,2
train5088,0,3
train5089,0,3
train5090,1,1
train5091,1,1
train5092,1,1
train5093,1,1
train5094,1,1
train5095,0,4
train5096,1,1
train5097,1,1
train5098,0,4
train5099,0,4
train5100,0,3
train5101,1,1
train5102,0,4
train5103,0,3
train5104,1,1
train5105,0,4
train5106,0,4
train5107,0,4
train5108,-1,2
train5109,1,1
train5110,0,3
train5111,0,4
train5112,0,3
train5113,-1,2
train5114,0,3
train5115,0,4
train5116,1,1
train5117,0,3
train5118,0,3
train5119,0,3
train5120,0,4
train5121,1,1
train5122,1,1
train5123,-1,2
train5124,1,1
train5125,0,4
train5126,0,3
train5127,0,3
train5128,-1,2
train5129,1,1
train5130,0,4
train5131,0,4
train5132,0,4
train5133,0,3
train5134,0,4
train5135,0,4
train5136,1,1
train5137,0,3
train5138,1,1
train5139,-1,2
train5140,0,3
train5141,1,1
train5142,1,1
train5143,-1,2
train5144,1,1
train5145,0,3
train5146,-1,2
train5147,0,4
train5148,0,3
train5149,0,3
train5150,-1,2
train5151,-1,2
train5152,0,3
train5153,0,3
train5154,0,4
train5155,0,3
train5156,-1,2
train5157,1,1
train5158,1,1
train5159,-1,2
train5160,0,3
train5161,1,1
train5162,0,3
train5163,1,1
train5164,-1,2
train5165,0,4
train5166,1,1
train5167,0,3
train5168,0,4
train5169,-1,2
train5170,-1,2
train5171,0,4
train5172,1,1
train5173,0,3
train5174,0,4
train5175,0,3
train5176,1,1
train5177,1,1
train5178,1,1
train5179,1,1
train5180,-1,2
train5181,0,3
train5182,0,3
train5183,0,3
train5184,1,1
train5185,1,1
train5186,0,4
train5187,-1,2
train5188,1,1
train5189,1,1
train5190,0,4
train5191,0,4
train5192,-1,2
train5193,0,3
train5194,0,3
train5195,0,4
train5196,0,4
train5197,0,3
train5198,1,1
train5199,-1,2
train5200,0,4
train5201,0,3
train5202,0,3
train5203,-1,2
train5204,1,1
train5205,-1,2
train5206,1,1
train5207,0,3
train5208,0,3
train5209,0,4
train5210,0,3
train5211,0,3
train5212,0,4
train5213,0,4
train5214,-1,2
train5215,-1,2
train5216,1,1
train5217,0,4
train5218,0,4
train5219,0,4
train5220,0,3
train5221,-1,2
train5222,-1,2
train5223,0,3
train5224,0,3
train5225,0,3
train5226,1,1
train5227,0,3
train5228,1,1
train5229,1,1
train5230,1,1
train5231,0,4
train5232,-1,2
train5233,0,3
train5234,-1,2
train5235,0,3
train5236,-1,2
train5237,1,1
train5238,1,1
train5239,0,4
train5240,1,1
train5241,0,3
train5242,-1,2
train5243,0,3
train5244,0,4
train5245,1,1
train5246,-1,2
train5247,-1,2
train5248,-1,2
train5249,-1,2
train5250,0,4
train5251,0,3
train5252,0,3
train5253,1,1
train5254,-1,2
train5255,0,3
train5256,-1,2
train5257,0,4
train5258,-1,2
train5259,0,4
train5260,0,4
train5261,0,4
train5262,1,1
train5263,1,1
train5264,1,1
train5265,1,1
train5266,-1,2
train5267,0,4
train5268,1,1
train5269,0,3
train5270,0,4
train5271,-1,2
train5272,0,4
train5273,0,3
train5274,0,3
train5275,0,4
train5276,0,3
train5277,-1,2
train5278,0,3
train5279,0,3
train5280,0,3
train5281,0,3
train5282,0,3
train5283,0,4
train5284,0,4
train5285,0,3
train5286,-1,2
train5287,0,3
train5288,0,3
train5289,-1,2
train5290,0,3
train5291,1,1
train5292,1,1
train5293,-1,2
train5294,-1,2
train5295,1,1
train5296,-1,2
train5297,0,4
train5298,0,4
train5299,0,3
train5300,0,4
train5301,0,4
train5302,1,1
train5303,0,4
train5304,-1,2
train5305,1,1
train5306,0,3
train5307,1,1
train5308,0,3
train5309,0,3
train5310,-1,2
train5311,0,4
train5312,1,1
train5313,0,3
train5314,0,3
train5315,1,1
train5316,0,4
train5317,1,1
train5318,-1,2
train5319,1,1
train5320,0,3
train5321,-1,2
train5322,1,1
train5323,0,3
train5324,0,3
train5325,0,4
train5326,0,3
train5327,0,3
train5328,-1,2
train5329,-1,2
train5330,-1,2
train5331,1,1
train5332,0,4
train5333,0,3
train5334,1,1
train5335,-1,2
train5336,1,1
train5337,-1,2
train5338,1,1
train5339,0,3
train5340,0,3
train5341,0,4
train5342,0,4
train5343,1,1
train5344,0,3
train5345,0,4
train5346,1,1
train5347,-1,2
train5348,-1,2
train5349,1,1
train5350,0,3
train5351,0,4
train5352,1,1
train5353,-1,2
train5354,-1,2
train5355,0,3
train5356,1,1
train5357,1,1
train5358,0,4
train5359,-1,2
train5360,-1,2
train5361,0,4
train5362,1,1
train5363,-1,2
train5364,-1,2
train5365,-1,2
train5366,0,3
train5367,-1,2
train5368,-1,2
train5369,0,3
train5370,0,3
train5371,-1,2
train5372,0,3
train5373,1,1
train5374,1,1
train5375,0,3
train5376,0,3
train5377,0,4
train5378,1,1
train5379,0,3
train5380,0,4
train5381,0,4
train5382,-1,2
train5383,-1,2
train5384,0,4
train5385,1,1
train5386,-1,2
train5387,1,1
train5388,0,4
train5389,0,3
train5390,0,4
train5391,0,3
train5392,0,3
train5393,0,4
train5394,0,4
train5395,0,4
train5396,0,4
train5397,1,1
train5398,0,3
train5399,0,4
train5400,1,1
train5401,-1,2
train5402,0,3
train5403,1,1
train5404,0,4
train5405,0,4
train5406,0,3
train5407,0,4
train5408,0,4
train5409,0,4
train5410,-1,2
train5411,0,4
train5412,-1,2
train5413,1,1
train5414,0,4
train5415,-1,2
train5416,-1,2
train5417,0,3
train5418,1,1
train5419,0,4
train5420,0,3
train5421,0,4
train5422,-1,2
train5423,0,3
train5424,0,4
train5425,-1,2
train5426,-1,2
train5427,-1,2
train5428,0,3
train5429,0,4
train5430,0,4
train5431,1,1
train5432,-1,2
train5433,-1,2
train5434,-1,2
train5435,0,3
train5436,0,4
train5437,-1,2
train5438,-1,2
train5439,-1,2
train5440,1,1
train5441,0,3
train5442,1,1
train5443,-1,2
train5444,1,1
train5445,1,1
train5446,0,4
train5447,1,1
train5448,0,4
train5449,-1,2
train5450,0,3
train5451,-1,2
train5452,0,4
train5453,0,4
train5454,0,3
train5455,0,3
train5456,1,1
train5457,1,1
train5458,1,1
train5459,0,4
train5460,-1,2
train5461,1,1
train5462,0,4
train5463,0,4
train5464,0,4
train5465,0,3
train5466,1,1
train5467,-1,2
train5468,0,3
train5469,0,3
train5470,1,1
train5471,0,3
train5472,1,1
train5473,-1,2
train5474,-1,2
train5475,0,3
train5476,0,3
train5477,-1,2
train5478,0,3
train5479,-1,2
train5480,1,1
train5481,0,3
train5482,1,1
train5483,0,4
train5484,-1,2
train5485,0,4
train5486,0,4
train5487,0,3
train5488,0,4
train5489,-1,2
train5490,-1,2
train5491,1,1
train5492,-1,2
train5493,0,3
train5494,0,3
train5495,0,4
train5496,0,4
train5497,0,4
train5498,0,4
train5499,1,1
train5500,0,4
train5501,1,1
train5502,0,4
train5503,0,4
train5504,1,1
train5505,0,4
train5506,-1,2
train5507,0,3
train5508,0,3
train5509,0,3
train5510,0,3
train5511,1,1
train5512,1,1
train5513,-1,2
train5514,0,3
train5515,0,3
train5516,0,4
train5517,-1,2
train5518,0,4
train5519,0,3
train5520,0,4
train5521,1,1
train5522,1,1
train5523,1,1
train5524,-1,2
train5525,0,4
train5526,1,1
train5527,1,1
train5528,1,1
train5529,-1,2
train5530,-1,2
train5531,0,3
train5532,1,1
train5533,1,1
train5534,1,1
train5535,1,1
train5536,0,3
train5537,0,3
train5538,0,3
train5539,-1,2
train5540,0,4
train5541,0,3
train5542,-1,2
train5543,0,4
train5544,1,1
train5545,1,1
train5546,0,3
train5547,0,3
train5548,-1,2
train5549,0,3
train5550,0,4
train5551,0,3
train5552,0,3
train5553,-1,2
train5554,1,1
train5555,0,4
train5556,0,3
train5557,1,1
train5558,0,4
train5559,0,3
train5560,-1,2
train5561,0,4
train5562,0,3
train5563,0,3
train5564,0,4
train5565,1,1
train5566,0,3
train5567,0,4
train5568,0,4
train5569,-1,2
train5570,1,1
train5571,0,4
train5572,0,3
train5573,-1,2
train5574,0,3
train5575,0,3
train5576,1,1
train5577,0,4
train5578,-1,2
train5579,0,3
train5580,1,1
train5581,1,1
train5582,-1,2
train5583,-1,2
train5584,0,4
train5585,-1,2
train5586,0,4
train5587,-1,2
train5588,0,3
train5589,0,3
train5590,0,3
train5591,0,4
train5592,1,1
train5593,1,1
train5594,0,4
train5595,0,4
train5596,1,1
train5597,1,1
train5598,0,4
train5599,0,4
train5600,-1,2
train5601,1,1
train5602,0,4
train5603,1,1
train5604,0,3
train5605,0,4
train5606,0,3
train5607,-1,2
train5608,0,3
train5609,0,4
train5610,1,1
train5611,0,3
train5612,1,1
train5613,-1,2
train5614,0,4
train5615,1,1
train5616,0,4
train5617,-1,2
train5618,0,4
train5619,0,4
train5620,1,1
train5621,0,4
train5622,0,4
train5623,1,1
train5624,0,3
train5625,1,1
train5626,1,1
train5627,0,3
train5628,0,3
train5629,-1,2
train5630,1,1
train5631,0,4
train5632,-1,2
train5633,1,1
train5634,0,3
train5635,1,1
train5636,-1,2
train5637,-1,2
train5638,-1,2
train5639,0,4
train5640,0,3
train5641,0,3
train5642,0,3
train5643,-1,2
train5644,0,4
train5645,0,3
train5646,1,1
train5647,0,3
train5648,1,1
train5649,0,4
train5650,0,4
train5651,-1,2
train5652,-1,2
train5653,0,3
train5654,0,4
train5655,-1,2
train5656,1,1
train5657,0,4
train5658,1,1
train5659,1,1
train5660,-1,2
train5661,0,4
train5662,1,1
train5663,0,4
train5664,0,4
train5665,-1,2
train5666,1,1
train5667,0,3
train5668,0,4
train5669,-1,2
train5670,1,1
train5671,-1,2
train5672,0,3
train5673,1,1
train5674,-1,2
train5675,0,4
train5676,-1,2
train5677,0,4
train5678,-1,2
train5679,-1,2
train5680,0,3
train5681,0,4
train5682,0,4
train5683,0,4
train5684,1,1
train5685,1,1
train5686,-1,2
train5687,0,4
train5688,0,3
train5689,1,1
train5690,1,1
train5691,-1,2
train5692,1,1
train5693,0,3
train5694,-1,2
train5695,0,3
train5696,1,1
train5697,1,1
train5698,1,1
train5699,-1,2
train5700,-1,2
train5701,0,4
train5702,0,4
train5703,0,4
train5704,1,1
train5705,0,3
train5706,0,4
train5707,0,3
train5708,-1,2
train5709,0,3
train5710,-1,2
train5711,0,4
train5712,1,1
train5713,-1,2
train5714,0,4
train5715,0,4
train5716,0,4
train5717,1,1
train5718,-1,2
train5719,1,1
train5720,1,1
train5721,1,1
train5722,-1,2
train5723,1,1
train5724,0,3
train5725,1,1
train5726,0,3
train5727,1,1
train5728,0,3
train5729,1,1
train5730,1,1
train5731,1,1
train5732,-1,2
train5733,0,3
train5734,0,4
train5735,-1,2
train5736,1,1
train5737,1,1
train5738,1,1
train5739,1,1
train5740,-1,2
train5741,0,4
train5742,1,1
train5743,1,1
train5744,1,1
train5745,1,1
train5746,0,3
train5747,-1,2
train5748,-1,2
train5749,0,4
train5750,-1,2
train5751,0,3
train5752,0,3
train5753,1,1
train5754,1,1
train5755,-1,2
train5756,0,3
train5757,0,4
train5758,1,1
train5759,0,4
train5760,0,3
train5761,-1,2
train5762,-1,2
train5763,-1,2
train5764,0,4
train5765,-1,2
train5766,0,4
train5767,0,3
train5768,-1,2
train5769,1,1
train5770,1,1
train5771,0,3
train5772,1,1
train5773,-1,2
train5774,1,1
train5775,1,1
train5776,0,3
train5777,-1,2
train5778,-1,2
train5779,0,3
train5780,-1,2
train5781,1,1
train5782,0,3
train5783,0,3
train5784,-1,2
train5785,0,4
train5786,1,1
train5787,0,3
train5788,0,3
train5789,1,1
train5790,1,1
train5791,-1,2
train5792,-1,2
train5793,0,4
train5794,0,4
train5795,0,3
train5796,1,1
train5797,-1,2
train5798,0,4
train5799,0,4
train5800,-1,2
train5801,-1,2
train5802,-1,2
train5803,-1,2
train5804,0,4
train5805,-1,2
train5806,0,3
train5807,1,1
train5808,1,1
train5809,-1,2
train5810,0,4
train5811,1,1
train5812,0,3
train5813,-1,2
train5814,-1,2
train5815,-1,2
train5816,0,4
train5817,0,3
train5818,1,1
train5819,0,3
train5820,0,4
train5821,1,1
train5822,1,1
train5823,0,3
train5824,0,4
train5825,-1,2
train5826,0,4
train5827,0,4
train5828,-1,2
train5829,0,4
train5830,1,1
train5831,0,3
train5832,-1,2
train5833,1,1
train5834,0,4
train5835,1,1
train5836,-1,2
train5837,0,4
train5838,-1,2
train5839,1,1
train5840,1,1
train5841,1,1
train5842,1,1
train5843,-1,2
train5844,0,4
train5845,0,3
train5846,0,4
train5847,0,4
train5848,0,4
train5849,1,1
train5850,1,1
train5851,-1,2
train5852,-1,2
train5853,0,3
train5854,0,3
train5855,0,4
train5856,-1,2
train5857,0,4
train5858,0,3
train5859,-1,2
train5860,0,4
train5861,0,3
train5862,0,4
train5863,0,4
train5864,1,1
train5865,0,4
train5866,0,4
train5867,1,1
train5868,1,1
train5869,0,4
train5870,0,3
train5871,-1,2
train5872,-1,2
train5873,1,1
train5874,-1,2
train5875,-1,2
train5876,0,4
train5877,0,4
train5878,-1,2
train5879,0,3
train5880,-1,2
train5881,1,1
train5882,1,1
train5883,0,3
train5884,1,1
train5885,0,4
train5886,1,1
train5887,1,1
train5888,-1,2
train5889,0,3
train5890,1,1
train5891,-1,2
train5892,-1,2
train5893,-1,2
train5894,1,1
train5895,-1,2
train5896,-1,2
train5897,1,1
train5898,0,3
train5899,0,3
train5900,1,1
train5901,1,1
train5902,0,4
train5903,1,1
train5904,1,1
train5905,1,1
train5906,0,4
train5907,0,4
train5908,0,4
train5909,-1,2
train5910,1,1
train5911,0,4
train5912,1,1
train5913,0,4
train5914,-1,2
train5915,0,3
train5916,0,4
train5917,-1,2
train5918,1,1
train5919,-1,2
train5920,0,4
train5921,0,3
train5922,1,1
train5923,1,1
train5924,-1,2
train5925,0,4
train5926,1,1
train5927,0,3
train5928,1,1
train5929,0,3
train5930,-1,2
train5931,-1,2
train5932,-1,2
train5933,0,3
train5934,0,4
train5935,0,4
train5936,0,3
train5937,0,4
train5938,-1,2
train5939,1,1
train5940,1,1
train5941,0,4
train5942,-1,2
train5943,0,4
train5944,1,1
train5945,-1,2
train5946,-1,2
train5947,0,3
train5948,1,1
train5949,-1,2
train5950,1,1
train5951,1,1
train5952,0,4
train5953,0,4
train5954,0,3
train5955,1,1
train5956,0,3
train5957,0,3
train5958,0,4
train5959,1,1
train5960,0,4
train5961,0,4
train5962,-1,2
train5963,-1,2
train5964,1,1
train5965,-1,2
train5966,-1,2
train5967,0,3
train5968,0,3
train5969,1,1
train5970,1,1
train5971,-1,2
train5972,0,4
train5973,-1,2
train5974,0,4
train5975,1,1
train5976,0,4
train5977,0,3
train5978,0,3
train5979,0,3
train5980,-1,2
train5981,0,3
train5982,1,1
train5983,1,1
train5984,1,1
train5985,1,1
train5986,0,3
train5987,0,4
train5988,0,3
train5989,0,4
